patient_id,visit_number,visit_date,age,sex,glucose,systolic_bp,bmi,heart_rate,daily_steps,risk_score,alert
M00001,1,2026-01-01,40,0,65.0,108.2,20.6,56.6,10218,0.244,0
M00001,2,2026-01-30,40,0,65.0,125.6,21.0,62.7,8221,0.318,0
M00001,3,2026-03-01,40,0,90.3,121.4,20.4,66.2,8920,0.4,0
M00001,4,2026-03-30,40,0,81.0,117.2,20.6,55.8,6792,0.353,0
M00001,5,2026-05-01,40,0,115.2,132.0,22.1,67.0,9347,0.578,1
M00001,6,2026-06-02,40,0,83.2,117.4,22.0,55.1,9216,0.367,0
M00002,1,2026-01-02,49,0,87.6,130.1,24.8,61.7,8992,0.502,1
M00002,2,2026-01-30,49,0,94.2,99.5,20.8,66.6,8412,0.368,0
M00002,3,2026-03-03,49,0,107.3,127.9,23.5,64.8,7913,0.57,1
M00002,4,2026-04-02,49,0,125.3,126.5,22.4,72.3,7288,0.641,1
M00002,5,2026-05-03,49,0,92.6,114.0,25.3,64.7,7557,0.508,1
M00002,6,2026-05-29,49,0,105.7,109.9,23.4,76.7,6446,0.545,1
M00003,1,2025-12-30,34,1,100.5,95.4,20.2,68.0,7857,0.377,0
M00003,2,2026-01-30,34,1,81.1,105.8,23.6,66.8,9112,0.382,0
M00003,3,2026-03-02,34,1,115.9,108.1,22.4,87.5,7618,0.574,1
M00003,4,2026-03-29,34,1,88.1,111.4,24.8,62.0,8264,0.454,0
M00003,5,2026-04-29,34,1,101.0,105.7,23.0,59.9,9048,0.443,0
M00003,6,2026-05-28,34,1,118.6,118.6,23.9,56.4,7774,0.586,1
M00004,1,2025-12-30,43,0,86.7,110.4,24.1,81.7,8506,0.467,0
M00004,2,2026-01-28,43,0,124.1,122.2,23.6,78.8,7761,0.655,1
M00004,3,2026-03-05,43,0,83.9,114.9,19.1,76.6,6162,0.372,0
M00004,4,2026-03-29,43,0,91.8,121.6,20.5,73.1,8099,0.431,0
M00004,5,2026-04-30,43,0,100.7,105.3,25.8,75.5,6413,0.56,1
M00004,6,2026-06-03,43,0,95.8,102.1,24.7,77.8,7908,0.495,0
M00005,1,2025-12-30,40,1,101.9,128.7,25.9,72.9,7513,0.62,1
M00005,2,2026-02-02,40,1,103.8,102.4,25.8,78.5,7840,0.559,1
M00005,3,2026-03-02,40,1,113.1,105.0,28.5,83.2,6223,0.685,1
M00005,4,2026-04-01,40,1,94.3,129.5,28.0,69.7,6485,0.639,1
M00005,5,2026-05-02,40,1,125.2,116.4,24.6,68.5,6201,0.661,1
M00005,6,2026-06-02,40,1,112.7,123.0,25.6,64.1,7253,0.63,1
M00006,1,2025-12-29,68,1,87.7,104.7,23.9,81.3,7086,0.462,0
M00006,2,2026-01-30,68,1,96.3,103.5,23.9,55.5,7955,0.439,0
M00006,3,2026-03-04,68,1,97.5,123.2,23.0,64.2,8142,0.497,0
M00006,4,2026-04-01,68,1,101.9,118.5,26.2,77.7,7458,0.609,1
M00006,5,2026-04-29,68,1,119.7,134.8,25.6,69.3,6330,0.706,1
M00006,6,2026-05-31,68,1,95.5,111.3,21.6,68.6,7387,0.438,0
M00007,1,2025-12-31,53,0,87.5,120.0,24.4,69.1,7080,0.496,0
M00007,2,2026-02-03,53,0,107.6,121.9,25.9,68.4,8087,0.611,1
M00007,3,2026-03-03,53,0,113.0,133.9,23.0,67.9,6073,0.626,1
M00007,4,2026-04-01,53,0,91.1,136.5,21.1,59.4,7126,0.467,0
M00007,5,2026-04-29,53,0,106.8,108.6,25.2,68.6,6995,0.565,1
M00007,6,2026-06-02,53,0,122.7,122.5,22.0,77.7,5757,0.635,1
M00008,1,2026-01-02,38,0,130.7,122.1,33.7,75.5,4725,0.853,1
M00008,2,2026-01-31,38,0,126.0,149.4,32.6,87.2,4436,0.883,1
M00008,3,2026-02-27,38,0,131.1,152.6,29.6,87.0,5761,0.861,1
M00008,4,2026-03-30,38,0,146.1,148.6,29.2,86.1,5297,0.882,1
M00008,5,2026-05-02,38,0,136.7,160.4,28.1,99.3,4695,0.883,1
M00008,6,2026-05-28,38,0,113.3,145.2,32.1,76.9,3267,0.84,1
M00009,1,2026-01-04,36,0,92.8,110.9,23.9,69.0,8274,0.468,0
M00009,2,2026-02-01,36,0,90.7,104.6,19.9,62.2,7818,0.345,0
M00009,3,2026-02-27,36,0,106.0,117.1,18.7,73.0,8447,0.435,0
M00009,4,2026-04-02,36,0,113.7,109.3,21.3,63.0,8369,0.486,0
M00009,5,2026-04-28,36,0,117.9,129.0,23.2,52.3,6607,0.601,1
M00009,6,2026-05-28,36,0,103.0,105.1,23.9,60.1,8893,0.473,0
M00010,1,2025-12-29,52,1,119.9,132.2,26.1,78.9,5760,0.731,1
M00010,2,2026-01-30,52,1,96.1,137.6,28.0,86.7,6359,0.698,1
M00010,3,2026-03-05,52,1,111.3,154.9,30.1,77.2,7242,0.801,1
M00010,4,2026-03-30,52,1,115.3,133.3,26.9,69.3,5891,0.714,1
M00010,5,2026-04-30,52,1,122.7,126.4,28.2,83.9,5028,0.774,1
M00010,6,2026-06-02,52,1,144.0,122.9,27.1,75.9,5715,0.799,1
M00011,1,2025-12-31,52,0,94.2,103.0,22.3,82.2,6684,0.457,0
M00011,2,2026-01-29,52,0,110.1,111.1,24.3,75.2,6563,0.584,1
M00011,3,2026-03-03,52,0,103.4,111.7,26.7,76.2,6053,0.616,1
M00011,4,2026-04-02,52,0,113.8,121.3,28.2,83.7,6508,0.721,1
M00011,5,2026-05-02,52,0,115.8,134.0,26.4,73.5,5850,0.716,1
M00011,6,2026-05-30,52,0,118.7,143.2,27.6,71.3,6454,0.76,1
M00012,1,2025-12-31,72,1,146.8,127.7,28.9,83.9,4177,0.856,1
M00012,2,2026-01-30,72,1,141.9,157.4,29.3,86.5,4246,0.891,1
M00012,3,2026-03-01,72,1,138.2,160.2,31.8,90.6,2675,0.916,1
M00012,4,2026-03-31,72,1,129.7,143.0,32.9,94.1,4217,0.891,1
M00012,5,2026-04-30,72,1,150.7,155.0,28.4,93.9,1546,0.91,1
M00012,6,2026-06-01,72,1,160.6,138.6,33.4,80.5,4956,0.924,1
M00013,1,2026-01-02,33,0,85.6,121.9,21.2,73.1,8145,0.418,0
M00013,2,2026-01-30,33,0,76.0,124.4,24.7,68.5,8321,0.45,0
M00013,3,2026-03-03,33,0,91.6,125.1,25.7,74.4,7916,0.561,1
M00013,4,2026-04-01,33,0,97.0,137.2,28.7,80.6,7719,0.693,1
M00013,5,2026-04-28,33,0,114.5,122.2,27.3,66.8,6599,0.68,1
M00013,6,2026-06-01,33,0,114.8,122.2,28.8,77.3,6748,0.725,1
M00014,1,2025-12-30,54,0,76.5,105.5,21.0,52.8,7856,0.298,0
M00014,2,2026-01-29,54,0,69.9,121.9,21.9,59.8,7543,0.348,0
M00014,3,2026-03-01,54,0,91.3,117.8,21.3,69.9,9361,0.416,0
M00014,4,2026-04-01,54,0,96.5,90.0,20.4,66.9,9034,0.338,0
M00014,5,2026-04-30,54,0,117.0,122.2,23.5,53.5,7335,0.579,1
M00014,6,2026-05-28,54,0,99.6,112.3,24.8,59.3,9663,0.491,0
M00015,1,2026-01-01,66,1,96.2,118.1,27.4,71.5,8265,0.588,1
M00015,2,2026-01-31,66,1,113.3,106.5,24.5,64.6,8241,0.553,1
M00015,3,2026-02-27,66,1,114.1,126.0,29.2,69.9,7548,0.721,1
M00015,4,2026-04-04,66,1,124.1,137.7,27.1,65.7,7700,0.739,1
M00015,5,2026-04-28,66,1,101.3,138.5,25.7,82.1,7153,0.661,1
M00015,6,2026-05-28,66,1,105.5,152.3,27.3,63.8,6227,0.719,1
M00016,1,2026-01-01,61,0,100.0,127.3,26.1,78.8,9455,0.606,1
M00016,2,2026-01-29,61,0,97.6,107.2,27.6,73.6,6852,0.584,1
M00016,3,2026-03-04,61,0,124.7,118.3,23.8,70.5,7603,0.638,1
M00016,4,2026-03-31,61,0,97.6,126.1,21.6,56.0,8748,0.452,0
M00016,5,2026-05-02,61,0,123.2,118.5,23.3,69.7,6193,0.634,1
M00016,6,2026-05-28,61,0,93.9,119.0,27.7,73.3,6322,0.609,1
M00017,1,2026-01-04,48,0,116.1,121.4,27.0,80.1,6809,0.7,1
M00017,2,2026-02-01,48,0,110.4,136.3,25.5,83.7,5632,0.704,1
M00017,3,2026-03-02,48,0,104.4,118.9,28.7,73.2,6164,0.674,1
M00017,4,2026-04-03,48,0,120.1,122.4,26.9,77.9,5548,0.722,1
M00017,5,2026-04-28,48,0,114.6,120.7,28.8,67.8,5470,0.716,1
M00017,6,2026-05-31,48,0,118.2,130.0,26.7,70.4,6806,0.706,1
M00018,1,2025-12-31,30,0,90.8,105.2,26.4,69.7,7193,0.511,1
M00018,2,2026-01-28,30,0,103.5,124.8,25.6,66.4,7374,0.599,1
M00018,3,2026-02-27,30,0,105.2,115.3,28.2,72.8,7648,0.643,1
M00018,4,2026-03-29,30,0,105.0,115.1,26.4,83.9,6859,0.633,1
M00018,5,2026-05-03,30,0,114.2,95.7,24.5,74.7,8211,0.544,1
M00018,6,2026-05-30,30,0,128.4,112.7,29.6,79.2,6031,0.772,1
M00019,1,2026-01-03,61,1,117.9,126.2,29.9,73.1,5199,0.77,1
M00019,2,2026-02-01,61,1,108.8,132.1,26.5,61.9,5415,0.67,1
M00019,3,2026-02-27,61,1,85.8,112.0,26.3,79.1,6394,0.533,1
M00019,4,2026-04-01,61,1,123.0,133.0,24.9,63.7,5773,0.697,1
M00019,5,2026-05-04,61,1,123.3,108.3,25.5,65.9,5647,0.648,1
M00019,6,2026-05-29,61,1,125.5,120.7,27.1,62.2,8378,0.692,1
M00020,1,2026-01-02,30,1,123.4,110.6,25.2,68.3,5837,0.652,1
M00020,2,2026-02-01,30,1,118.1,135.1,28.6,69.5,4039,0.771,1
M00020,3,2026-03-01,30,1,131.7,134.7,26.2,72.2,4146,0.779,1
M00020,4,2026-04-03,30,1,137.6,142.6,28.6,60.3,4576,0.827,1
M00020,5,2026-05-04,30,1,142.7,142.8,30.6,82.8,5462,0.879,1
M00020,6,2026-05-28,30,1,153.2,144.6,30.8,80.3,3289,0.907,1
M00021,1,2026-01-02,37,1,130.9,126.8,27.7,76.7,5066,0.782,1
M00021,2,2026-02-03,37,1,128.8,105.1,27.7,77.6,5719,0.725,1
M00021,3,2026-03-03,37,1,127.6,140.9,27.9,74.6,5469,0.799,1
M00021,4,2026-04-03,37,1,110.3,133.3,26.0,73.1,3772,0.703,1
M00021,5,2026-05-04,37,1,150.2,119.9,27.6,84.2,4480,0.836,1
M00021,6,2026-05-30,37,1,122.2,134.2,23.8,83.3,4964,0.715,1
M00022,1,2026-01-01,52,0,90.3,109.0,24.2,68.9,7603,0.465,0
M00022,2,2026-01-28,52,0,97.7,107.2,24.6,74.4,8624,0.503,1
M00022,3,2026-03-03,52,0,108.8,114.7,26.2,60.2,7947,0.589,1
M00022,4,2026-03-29,52,0,114.7,121.5,24.1,72.4,8588,0.604,1
M00022,5,2026-05-02,52,0,109.2,120.6,25.0,68.5,8160,0.594,1
M00022,6,2026-06-03,52,0,108.0,127.7,21.9,67.9,5833,0.564,1
M00023,1,2025-12-30,67,0,125.4,106.0,26.5,64.8,5528,0.67,1
M00023,2,2026-02-02,67,0,106.2,116.7,25.6,78.8,5558,0.629,1
M00023,3,2026-02-27,67,0,104.6,132.7,26.9,93.7,4634,0.723,1
M00023,4,2026-03-30,67,0,154.5,143.6,27.8,86.6,7631,0.869,1
M00023,5,2026-05-02,67,0,123.3,105.4,27.6,83.1,4877,0.718,1
M00023,6,2026-06-03,67,0,149.9,129.4,28.8,77.2,4733,0.854,1
M00024,1,2026-01-04,75,1,115.1,106.9,25.9,51.9,7175,0.579,1
M00024,2,2026-01-29,75,1,108.7,112.8,28.1,70.2,5570,0.662,1
M00024,3,2026-03-05,75,1,121.0,124.1,26.1,71.6,7377,0.689,1
M00024,4,2026-03-29,75,1,107.9,113.9,24.6,84.8,5855,0.614,1
M00024,5,2026-05-03,75,1,127.5,127.8,26.4,74.3,6539,0.738,1
M00024,6,2026-05-30,75,1,113.9,107.6,27.6,80.3,5015,0.683,1
M00025,1,2025-12-31,44,1,114.3,119.3,21.3,70.7,6841,0.55,1
M00025,2,2026-01-29,44,1,97.8,107.9,22.6,73.1,7016,0.474,0
M00025,3,2026-03-01,44,1,135.1,115.7,26.4,64.0,7408,0.713,1
M00025,4,2026-04-04,44,1,127.5,134.7,32.2,75.7,5783,0.844,1
M00025,5,2026-04-29,44,1,111.9,130.8,26.1,72.9,6740,0.678,1
M00025,6,2026-05-29,44,1,111.4,137.1,29.5,69.4,5247,0.76,1
M00026,1,2026-01-03,38,1,120.1,132.8,28.1,77.0,5051,0.768,1
M00026,2,2026-01-29,38,1,102.1,120.7,28.8,98.6,6226,0.714,1
M00026,3,2026-03-02,38,1,123.3,124.6,29.6,73.0,4179,0.784,1
M00026,4,2026-04-04,38,1,121.9,124.1,33.2,64.2,4621,0.818,1
M00026,5,2026-05-01,38,1,128.0,125.5,31.0,90.2,4758,0.837,1
M00026,6,2026-06-01,38,1,125.9,140.1,33.6,73.7,4158,0.869,1
M00027,1,2026-01-04,43,1,85.2,102.3,19.6,60.4,9984,0.291,0
M00027,2,2026-02-02,43,1,75.4,100.4,17.4,49.8,8119,0.215,0
M00027,3,2026-03-02,43,1,91.6,97.3,19.3,68.1,10018,0.31,0
M00027,4,2026-03-30,43,1,84.6,111.6,24.8,60.1,8114,0.438,0
M00027,5,2026-04-29,43,1,107.1,112.2,23.4,63.3,8150,0.515,1
M00027,6,2026-05-28,43,1,113.8,108.2,23.9,61.8,8716,0.537,1
M00028,1,2026-01-01,45,1,112.0,137.0,26.8,85.2,4729,0.743,1
M00028,2,2026-02-01,45,1,127.0,118.0,29.1,70.2,4658,0.768,1
M00028,3,2026-03-01,45,1,109.5,130.7,28.0,75.2,4365,0.728,1
M00028,4,2026-04-03,45,1,122.6,141.4,26.8,89.0,5389,0.788,1
M00028,5,2026-04-30,45,1,129.0,129.8,30.9,73.6,5643,0.82,1
M00028,6,2026-05-30,45,1,136.8,120.7,29.6,83.2,6562,0.813,1
M00029,1,2026-01-04,27,0,81.3,105.1,25.1,67.1,8336,0.422,0
M00029,2,2026-01-28,27,0,110.0,123.5,21.7,60.8,7944,0.522,1
M00029,3,2026-03-03,27,0,98.1,109.7,24.1,70.1,7653,0.502,1
M00029,4,2026-03-31,27,0,118.8,121.7,23.4,65.2,8994,0.591,1
M00029,5,2026-04-29,27,0,126.2,96.1,24.5,60.4,7289,0.581,1
M00029,6,2026-06-03,27,0,108.8,116.5,24.2,77.1,7325,0.588,1
M00030,1,2025-12-30,74,1,77.8,97.2,22.0,71.5,8748,0.326,0
M00030,2,2026-02-03,74,1,108.8,117.3,25.4,67.3,8443,0.588,1
M00030,3,2026-02-27,74,1,107.0,103.7,23.9,68.5,7188,0.521,1
M00030,4,2026-04-03,74,1,100.3,117.9,21.7,67.7,7446,0.48,0
M00030,5,2026-04-30,74,1,118.9,101.2,22.1,68.3,9074,0.506,1
M00030,6,2026-05-31,74,1,115.0,127.1,23.6,63.9,7280,0.607,1
M00031,1,2026-01-04,72,1,116.0,122.7,24.5,47.0,6825,0.592,1
M00031,2,2026-02-03,72,1,97.7,122.8,21.9,76.6,6527,0.514,1
M00031,3,2026-03-04,72,1,109.8,125.6,26.7,56.1,6443,0.639,1
M00031,4,2026-04-03,72,1,110.8,111.2,25.9,64.0,5380,0.613,1
M00031,5,2026-05-02,72,1,124.9,124.9,27.2,71.8,7996,0.722,1
M00031,6,2026-05-29,72,1,97.9,110.1,23.1,65.7,8012,0.467,0
M00032,1,2026-01-04,26,0,124.9,136.4,25.2,86.9,6051,0.752,1
M00032,2,2026-02-02,26,0,123.4,123.7,26.0,61.6,5535,0.693,1
M00032,3,2026-02-27,26,0,104.9,119.5,29.0,56.6,6152,0.655,1
M00032,4,2026-04-03,26,0,129.6,109.1,28.9,81.8,6145,0.76,1
M00032,5,2026-05-03,26,0,148.9,141.5,29.0,82.2,4760,0.876,1
M00032,6,2026-05-28,26,0,135.2,116.5,28.1,76.0,4450,0.785,1
M00033,1,2026-01-04,51,0,115.3,117.5,30.0,67.3,4059,0.743,1
M00033,2,2026-01-28,51,0,113.5,137.7,25.5,88.2,5040,0.73,1
M00033,3,2026-02-28,51,0,131.7,116.9,28.3,77.8,5918,0.769,1
M00033,4,2026-03-31,51,0,124.6,123.3,30.9,76.8,6544,0.795,1
M00033,5,2026-04-29,51,0,95.8,128.3,28.0,66.6,4562,0.653,1
M00033,6,2026-05-31,51,0,136.7,129.4,26.1,78.9,4242,0.79,1
M00034,1,2026-01-03,57,1,113.6,109.0,21.3,58.6,7472,0.485,0
M00034,2,2026-01-30,57,1,85.9,95.4,23.3,62.5,7568,0.375,0
M00034,3,2026-03-01,57,1,88.3,107.7,25.2,65.2,6490,0.478,0
M00034,4,2026-04-04,57,1,106.4,114.9,19.2,66.9,7570,0.439,0
M00034,5,2026-05-02,57,1,104.1,142.6,24.5,82.9,7912,0.653,1
M00034,6,2026-06-02,57,1,81.0,121.0,25.5,57.4,5331,0.488,0
M00035,1,2025-12-29,56,0,107.7,119.7,19.5,76.8,7438,0.486,0
M00035,2,2026-01-28,56,0,135.0,106.0,23.9,69.0,7558,0.646,1
M00035,3,2026-03-03,56,0,108.2,123.0,24.2,63.5,5366,0.597,1
M00035,4,2026-04-04,56,0,125.8,113.7,28.7,68.1,4443,0.746,1
M00035,5,2026-05-03,56,0,137.0,128.8,28.7,67.7,6538,0.798,1
M00035,6,2026-05-28,56,0,132.5,123.5,26.7,68.7,5576,0.75,1
M00036,1,2026-01-02,43,1,109.2,105.5,22.8,71.0,9322,0.495,0
M00036,2,2026-02-03,43,1,89.1,99.8,21.9,67.1,9254,0.363,0
M00036,3,2026-03-05,43,1,118.3,98.5,21.5,59.8,7949,0.476,0
M00036,4,2026-04-03,43,1,94.2,94.9,25.7,74.7,8367,0.477,0
M00036,5,2026-04-29,43,1,115.6,113.5,23.6,58.7,7195,0.562,1
M00036,6,2026-05-28,43,1,100.8,125.6,22.9,74.2,6953,0.549,1
M00037,1,2026-01-04,34,1,108.8,106.1,25.3,82.4,5916,0.607,1
M00037,2,2026-01-28,34,1,113.8,106.3,27.6,73.3,5697,0.66,1
M00037,3,2026-02-27,34,1,120.2,139.5,25.5,75.9,5223,0.737,1
M00037,4,2026-04-01,34,1,123.6,147.1,28.4,71.7,4416,0.809,1
M00037,5,2026-05-01,34,1,134.5,129.1,24.5,69.9,5528,0.734,1
M00037,6,2026-06-02,34,1,121.8,133.0,25.4,79.0,5898,0.726,1
M00038,1,2025-12-30,73,0,111.9,112.3,30.2,78.6,5993,0.725,1
M00038,2,2026-01-30,73,0,121.5,114.7,25.2,78.1,6206,0.67,1
M00038,3,2026-03-01,73,0,95.1,121.1,24.4,80.7,7009,0.556,1
M00038,4,2026-04-02,73,0,106.0,131.7,26.8,71.8,6235,0.673,1
M00038,5,2026-04-29,73,0,128.3,121.5,24.0,70.1,5524,0.683,1
M00038,6,2026-05-29,73,0,137.4,125.2,30.0,78.8,6220,0.827,1
M00039,1,2026-01-04,37,0,107.5,123.1,26.9,77.1,6686,0.664,1
M00039,2,2026-02-02,37,0,140.5,108.6,32.8,79.3,4864,0.849,1
M00039,3,2026-03-03,37,0,140.0,129.6,27.9,61.5,6502,0.788,1
M00039,4,2026-04-02,37,0,106.7,132.3,29.0,72.0,6737,0.717,1
M00039,5,2026-05-03,37,0,124.3,139.9,30.4,83.9,7124,0.824,1
M00039,6,2026-06-02,37,0,124.4,108.5,25.7,79.2,4457,0.693,1
M00040,1,2026-01-01,55,1,96.8,142.8,29.4,75.1,7310,0.712,1
M00040,2,2026-02-02,55,1,117.6,126.8,24.0,85.8,5477,0.683,1
M00040,3,2026-02-27,55,1,118.7,136.0,26.1,71.8,4463,0.733,1
M00040,4,2026-04-04,55,1,139.0,134.1,24.1,81.3,5993,0.766,1
M00040,5,2026-05-03,55,1,133.4,136.3,28.1,70.7,4275,0.811,1
M00040,6,2026-06-03,55,1,127.2,145.2,29.0,76.3,5139,0.824,1
M00041,1,2026-01-04,42,0,93.9,113.2,20.1,74.7,8948,0.4,0
M00041,2,2026-01-29,42,0,93.5,100.8,20.1,72.0,8944,0.359,0
M00041,3,2026-03-03,42,0,104.0,109.8,20.0,76.9,5285,0.473,0
M00041,4,2026-04-03,42,0,90.0,118.1,25.2,65.7,7153,0.511,1
M00041,5,2026-04-30,42,0,99.7,99.5,22.6,68.2,8358,0.434,0
M00041,6,2026-06-02,42,0,116.7,126.7,23.2,53.3,7204,0.586,1
M00042,1,2026-01-04,66,0,120.4,125.5,23.8,81.4,8428,0.653,1
M00042,2,2026-01-30,66,0,115.6,125.0,23.8,56.5,6344,0.603,1
M00042,3,2026-03-01,66,0,120.3,126.1,28.9,54.5,6296,0.724,1
M00042,4,2026-04-01,66,0,105.8,127.4,25.0,69.2,6604,0.616,1
M00042,5,2026-04-28,66,0,108.3,127.4,24.6,72.0,6488,0.625,1
M00042,6,2026-06-03,66,0,139.6,113.6,26.9,71.7,5642,0.759,1
M00043,1,2025-12-30,26,0,100.5,97.4,27.7,83.7,8084,0.578,1
M00043,2,2026-02-03,26,0,112.7,115.8,25.3,69.3,6200,0.623,1
M00043,3,2026-03-05,26,0,113.8,144.5,23.5,71.4,6812,0.667,1
M00043,4,2026-03-30,26,0,117.4,118.6,28.3,73.6,7590,0.705,1
M00043,5,2026-04-28,26,0,132.3,119.3,27.8,74.2,8537,0.745,1
M00043,6,2026-06-02,26,0,135.0,151.0,27.6,76.1,6254,0.83,1
M00044,1,2026-01-04,31,1,104.5,115.1,24.1,64.8,8939,0.523,1
M00044,2,2026-02-03,31,1,115.3,109.9,24.9,75.5,7503,0.608,1
M00044,3,2026-03-01,31,1,109.3,113.8,25.1,59.5,7752,0.564,1
M00044,4,2026-04-01,31,1,104.0,123.8,25.4,61.5,9689,0.563,1
M00044,5,2026-04-29,31,1,84.4,127.7,25.9,46.4,7456,0.489,0
M00044,6,2026-05-29,31,1,104.7,97.9,22.8,64.4,5810,0.473,0
M00045,1,2026-01-03,42,0,90.5,102.3,24.2,84.7,6363,0.489,0
M00045,2,2026-02-01,42,0,93.8,108.1,21.0,68.3,7927,0.401,0
M00045,3,2026-03-02,42,0,100.1,110.5,23.5,71.7,7709,0.501,1
M00045,4,2026-04-03,42,0,89.5,111.4,26.2,66.2,7744,0.506,1
M00045,5,2026-05-02,42,0,131.1,115.0,26.8,71.1,8242,0.709,1
M00045,6,2026-06-03,42,0,116.1,124.2,22.6,68.5,6930,0.595,1
M00046,1,2025-12-30,54,0,123.4,120.2,27.7,68.2,5501,0.727,1
M00046,2,2026-02-02,54,0,113.4,148.9,27.3,80.0,4268,0.777,1
M00046,3,2026-03-03,54,0,149.3,132.7,30.1,64.6,4069,0.864,1
M00046,4,2026-04-02,54,0,118.0,136.1,28.6,77.1,4730,0.778,1
M00046,5,2026-05-01,54,0,117.8,130.0,30.7,85.7,5123,0.806,1
M00046,6,2026-05-28,54,0,147.4,128.4,26.9,63.1,6529,0.796,1
M00047,1,2026-01-01,72,1,121.1,121.0,25.9,69.2,7019,0.677,1
M00047,2,2026-01-30,72,1,113.6,112.4,27.6,65.5,6076,0.66,1
M00047,3,2026-03-03,72,1,124.4,97.7,24.9,61.3,6659,0.592,1
M00047,4,2026-04-04,72,1,136.7,113.9,25.4,76.0,6573,0.723,1
M00047,5,2026-05-02,72,1,128.7,125.2,30.1,75.4,6519,0.798,1
M00047,6,2026-06-03,72,1,115.3,132.7,26.5,67.6,7153,0.692,1
M00048,1,2025-12-29,56,1,112.2,145.6,24.7,88.1,6868,0.715,1
M00048,2,2026-02-02,56,1,131.0,116.5,26.5,75.1,7457,0.72,1
M00048,3,2026-03-05,56,1,103.4,134.4,28.2,89.0,5296,0.734,1
M00048,4,2026-04-04,56,1,137.7,140.3,25.9,95.1,5757,0.821,1
M00048,5,2026-05-04,56,1,125.9,127.8,33.2,69.4,5057,0.837,1
M00048,6,2026-06-02,56,1,117.6,125.6,30.8,73.2,6261,0.773,1
M00049,1,2025-12-30,25,0,96.5,111.5,29.5,72.8,7475,0.626,1
M00049,2,2026-01-29,25,0,107.8,113.4,25.6,83.7,7154,0.62,1
M00049,3,2026-03-03,25,0,107.6,120.9,23.1,74.5,7292,0.567,1
M00049,4,2026-03-29,25,0,97.7,112.1,23.8,79.7,8500,0.51,1
M00049,5,2026-05-03,25,0,100.7,129.8,26.6,67.2,8182,0.616,1
M00049,6,2026-05-29,25,0,99.9,124.7,21.8,68.5,7363,0.503,1
M00050,1,2025-12-31,26,1,108.0,132.5,27.0,87.5,6429,0.712,1
M00050,2,2026-01-29,26,1,121.1,121.6,27.2,98.7,6329,0.755,1
M00050,3,2026-03-02,26,1,147.4,128.8,31.7,66.7,5130,0.868,1
M00050,4,2026-04-03,26,1,115.8,137.8,27.0,72.3,5691,0.735,1
M00050,5,2026-05-04,26,1,119.2,143.9,24.4,84.6,6019,0.732,1
M00050,6,2026-05-31,26,1,122.8,142.9,29.7,85.0,6548,0.82,1
M00051,1,2026-01-04,58,1,108.0,125.4,25.0,61.0,7317,0.598,1
M00051,2,2026-01-29,58,1,113.2,135.3,23.1,67.8,8319,0.611,1
M00051,3,2026-03-02,58,1,105.7,114.8,25.0,77.9,8021,0.582,1
M00051,4,2026-03-29,58,1,126.7,113.0,25.9,71.9,7159,0.68,1
M00051,5,2026-05-02,58,1,115.8,127.7,26.1,81.9,4712,0.718,1
M00051,6,2026-06-03,58,1,135.3,131.9,25.6,74.7,7271,0.756,1
M00052,1,2025-12-29,59,0,122.3,125.2,24.1,83.3,7389,0.677,1
M00052,2,2026-02-02,59,0,106.6,118.4,22.5,74.5,6835,0.548,1
M00052,3,2026-02-28,59,0,118.2,124.6,27.3,71.4,7716,0.699,1
M00052,4,2026-04-04,59,0,125.2,114.4,28.9,68.5,6126,0.737,1
M00052,5,2026-05-04,59,0,112.5,121.0,25.1,69.5,6355,0.631,1
M00052,6,2026-06-02,59,0,127.1,119.7,25.2,71.3,6821,0.689,1
M00053,1,2026-01-03,56,0,87.6,113.6,25.3,64.1,6629,0.492,0
M00053,2,2026-01-30,56,0,101.2,108.1,21.8,88.6,5944,0.514,1
M00053,3,2026-03-05,56,0,123.7,132.3,27.2,59.5,6224,0.729,1
M00053,4,2026-04-02,56,0,91.2,123.3,26.2,65.7,5355,0.573,1
M00053,5,2026-05-01,56,0,102.6,115.4,29.4,66.8,5132,0.67,1
M00053,6,2026-05-30,56,0,142.9,112.0,25.3,73.6,4718,0.75,1
M00054,1,2026-01-03,64,1,74.4,96.1,24.2,60.5,7093,0.347,0
M00054,2,2026-02-03,64,1,83.0,92.9,19.9,59.1,6481,0.291,0
M00054,3,2026-03-01,64,1,108.0,104.8,26.1,57.6,8265,0.546,1
M00054,4,2026-04-04,64,1,101.9,112.8,21.3,55.8,7729,0.436,0
M00054,5,2026-05-01,64,1,109.9,107.1,19.3,63.8,8911,0.414,0
M00054,6,2026-05-28,64,1,83.8,102.5,22.9,64.1,7909,0.376,0
M00055,1,2025-12-30,48,1,115.1,117.1,28.7,72.9,4517,0.724,1
M00055,2,2026-01-28,48,1,121.2,135.9,27.5,76.9,7376,0.751,1
M00055,3,2026-03-04,48,1,109.6,119.0,26.0,65.3,6046,0.628,1
M00055,4,2026-03-29,48,1,120.0,127.8,29.0,79.5,6135,0.767,1
M00055,5,2026-04-30,48,1,126.1,138.9,28.3,75.8,5968,0.795,1
M00055,6,2026-06-03,48,1,123.9,122.8,28.7,77.1,5886,0.762,1
M00056,1,2026-01-02,55,0,81.5,101.7,19.7,79.4,6489,0.34,0
M00056,2,2026-01-31,55,0,96.5,122.6,22.9,63.1,7627,0.492,0
M00056,3,2026-02-27,55,0,108.4,126.8,23.2,68.6,7107,0.58,1
M00056,4,2026-04-02,55,0,95.1,117.7,26.2,86.8,6765,0.6,1
M00056,5,2026-05-01,55,0,106.3,109.6,24.6,79.3,6536,0.578,1
M00056,6,2026-06-02,55,0,129.2,126.0,27.6,71.0,6823,0.754,1
M00057,1,2026-01-04,69,1,116.1,130.9,27.3,69.5,5167,0.725,1
M00057,2,2026-02-01,69,1,122.8,124.0,26.3,70.0,5068,0.716,1
M00057,3,2026-02-28,69,1,125.8,132.8,27.6,83.3,6365,0.777,1
M00057,4,2026-03-31,69,1,127.5,121.1,27.7,71.2,4094,0.759,1
M00057,5,2026-04-29,69,1,119.1,133.5,29.2,62.5,6335,0.754,1
M00057,6,2026-06-03,69,1,118.0,135.0,29.8,69.5,6077,0.775,1
M00058,1,2025-12-29,47,0,103.0,110.7,23.5,76.1,6588,0.536,1
M00058,2,2026-01-30,47,0,124.6,143.8,26.8,57.5,6879,0.743,1
M00058,3,2026-02-28,47,0,107.2,140.6,25.7,68.2,6794,0.668,1
M00058,4,2026-04-02,47,0,125.1,130.8,25.3,79.4,5981,0.73,1
M00058,5,2026-05-01,47,0,131.0,136.8,31.6,76.0,5378,0.85,1
M00058,6,2026-06-03,47,0,144.9,128.1,28.8,92.4,5624,0.852,1
M00059,1,2026-01-01,60,0,90.2,115.6,26.0,50.0,6383,0.499,0
M00059,2,2026-02-01,60,0,101.1,112.2,24.6,66.6,9187,0.511,1
M00059,3,2026-03-01,60,0,92.6,121.5,21.8,58.9,7764,0.437,0
M00059,4,2026-03-30,60,0,109.2,117.0,24.1,51.6,6703,0.546,1
M00059,5,2026-05-01,60,0,104.6,127.2,26.5,70.5,6853,0.642,1
M00059,6,2026-06-03,60,0,113.0,98.2,23.2,63.1,6973,0.507,1
M00060,1,2026-01-02,45,0,101.6,127.9,24.5,70.7,8406,0.575,1
M00060,2,2026-01-30,45,0,98.8,114.0,25.7,86.4,8803,0.573,1
M00060,3,2026-03-05,45,0,119.2,104.5,26.4,70.4,5964,0.646,1
M00060,4,2026-03-30,45,0,127.9,121.3,24.7,79.7,7258,0.697,1
M00060,5,2026-04-28,45,0,109.8,136.1,27.3,80.3,8244,0.707,1
M00060,6,2026-06-01,45,0,100.9,123.1,25.6,68.1,3938,0.619,1
M00061,1,2025-12-31,35,1,105.2,121.4,23.4,78.6,6792,0.577,1
M00061,2,2026-01-28,35,1,98.5,122.2,26.7,68.8,8389,0.588,1
M00061,3,2026-02-28,35,1,116.4,105.8,26.6,61.1,6570,0.618,1
M00061,4,2026-03-30,35,1,105.4,118.2,27.7,77.9,7196,0.656,1
M00061,5,2026-05-04,35,1,108.3,108.6,24.0,62.8,7196,0.532,1
M00061,6,2026-05-28,35,1,106.0,124.1,26.7,74.4,6896,0.649,1
M00062,1,2026-01-01,39,1,107.5,124.1,24.0,72.6,8511,0.581,1
M00062,2,2026-02-03,39,1,121.5,112.8,24.6,57.9,7444,0.604,1
M00062,3,2026-03-02,39,1,95.9,130.2,25.3,72.2,7451,0.585,1
M00062,4,2026-03-31,39,1,125.4,124.0,25.4,75.2,4816,0.72,1
M00062,5,2026-05-02,39,1,128.2,132.8,29.7,66.4,6085,0.796,1
M00062,6,2026-06-03,39,1,123.9,118.0,27.6,65.2,5152,0.719,1
M00063,1,2026-01-01,48,0,84.6,106.6,25.7,62.6,8404,0.444,0
M00063,2,2026-02-03,48,0,119.8,115.6,23.7,76.8,5839,0.636,1
M00063,3,2026-03-03,48,0,106.8,105.4,25.4,63.8,8395,0.536,1
M00063,4,2026-04-02,48,0,110.6,115.5,26.8,66.6,6360,0.638,1
M00063,5,2026-04-29,48,0,111.1,127.6,22.4,71.1,7668,0.578,1
M00063,6,2026-05-31,48,0,124.7,127.5,26.8,58.3,6298,0.711,1
M00064,1,2026-01-04,72,1,84.8,98.8,20.8,61.2,7386,0.327,0
M00064,2,2026-02-02,72,1,87.5,108.7,20.8,70.2,10130,0.356,0
M00064,3,2026-02-27,72,1,73.4,117.7,21.2,56.8,6679,0.338,0
M00064,4,2026-04-03,72,1,82.9,117.9,23.9,61.1,7756,0.434,0
M00064,5,2026-04-29,72,1,109.7,105.3,23.4,75.6,6923,0.542,1
M00064,6,2026-06-02,72,1,110.7,109.3,21.5,68.0,7112,0.5,1
M00065,1,2025-12-29,36,1,96.8,108.1,24.8,54.7,7897,0.474,0
M00065,2,2026-01-30,36,1,87.9,103.4,21.9,75.0,7514,0.401,0
M00065,3,2026-03-05,36,1,96.7,104.3,24.3,75.1,6574,0.505,1
M00065,4,2026-04-03,36,1,111.6,126.9,26.3,60.0,7399,0.642,1
M00065,5,2026-04-28,36,1,108.4,113.4,26.7,78.4,6422,0.642,1
M00065,6,2026-06-01,36,1,102.3,128.4,24.6,68.7,6002,0.6,1
M00066,1,2025-12-29,58,1,98.2,105.4,24.5,84.8,5568,0.549,1
M00066,2,2026-01-30,58,1,78.5,118.1,24.9,70.6,7041,0.464,0
M00066,3,2026-02-28,58,1,106.8,129.2,22.6,72.2,6902,0.576,1
M00066,4,2026-04-02,58,1,90.2,107.6,24.4,75.8,5980,0.495,0
M00066,5,2026-04-28,58,1,127.4,129.2,26.3,89.8,5918,0.767,1
M00066,6,2026-05-30,58,1,102.0,120.1,24.5,62.6,5206,0.567,1
M00067,1,2026-01-01,66,1,115.2,107.1,22.4,71.8,8845,0.525,1
M00067,2,2026-01-31,66,1,92.9,116.2,24.8,65.0,7092,0.509,1
M00067,3,2026-03-01,66,1,101.9,123.2,24.4,66.5,5861,0.576,1
M00067,4,2026-04-03,66,1,119.7,124.3,25.6,60.5,6252,0.664,1
M00067,5,2026-05-01,66,1,117.9,124.7,22.9,78.2,7847,0.621,1
M00067,6,2026-05-31,66,1,119.0,121.8,26.5,64.8,5535,0.687,1
M00068,1,2026-01-01,35,0,83.4,103.2,22.4,60.0,7161,0.365,0
M00068,2,2026-01-30,35,0,76.7,108.3,22.9,55.4,6382,0.361,0
M00068,3,2026-03-03,35,0,104.2,115.6,22.8,69.4,6551,0.527,1
M00068,4,2026-03-29,35,0,85.8,120.8,23.4,51.1,6484,0.438,0
M00068,5,2026-05-03,35,0,89.5,106.6,25.4,68.1,7206,0.483,0
M00068,6,2026-06-02,35,0,108.8,118.5,24.5,59.9,6483,0.576,1
M00069,1,2025-12-29,67,0,103.5,102.4,19.0,55.8,9163,0.35,0
M00069,2,2026-02-03,67,0,89.9,104.2,21.1,56.8,9382,0.342,0
M00069,3,2026-02-28,67,0,91.7,104.1,20.5,58.8,7628,0.358,0
M00069,4,2026-03-29,67,0,98.4,99.7,21.4,52.3,8003,0.375,0
M00069,5,2026-05-02,67,0,107.1,131.8,22.2,64.9,5670,0.575,1
M00069,6,2026-05-31,67,0,101.5,117.0,22.9,66.3,8344,0.497,0
M00070,1,2025-12-31,36,1,104.7,108.2,20.7,51.4,9116,0.4,0
M00070,2,2026-01-31,36,1,95.7,104.4,19.7,68.0,7954,0.371,0
M00070,3,2026-03-04,36,1,111.6,98.0,23.1,68.5,6799,0.511,1
M00070,4,2026-04-02,36,1,92.4,110.5,23.8,70.0,7610,0.471,0
M00070,5,2026-04-28,36,1,96.2,108.2,24.5,77.4,6439,0.524,1
M00070,6,2026-06-03,36,1,114.0,129.7,22.4,69.1,8176,0.587,1
M00071,1,2026-01-04,38,0,132.6,150.0,30.6,87.2,5182,0.873,1
M00071,2,2026-01-28,38,0,130.3,132.2,31.4,96.4,5013,0.861,1
M00071,3,2026-02-28,38,0,158.0,145.7,31.7,80.4,4194,0.919,1
M00071,4,2026-04-01,38,0,133.0,140.4,30.0,83.8,4763,0.853,1
M00071,5,2026-05-02,38,0,156.4,151.4,32.6,77.7,3182,0.928,1
M00071,6,2026-05-31,38,0,135.1,128.9,31.1,82.8,2512,0.863,1
M00072,1,2025-12-29,50,1,99.5,113.4,23.5,77.0,8183,0.514,1
M00072,2,2026-02-01,50,1,118.3,115.3,28.8,69.2,7422,0.703,1
M00072,3,2026-03-04,50,1,125.0,119.8,24.4,84.9,6387,0.691,1
M00072,4,2026-04-01,50,1,126.7,110.0,28.5,75.2,5918,0.738,1
M00072,5,2026-04-29,50,1,127.3,115.7,24.9,77.5,6404,0.687,1
M00072,6,2026-05-28,50,1,111.3,137.7,29.1,75.0,3924,0.772,1
M00073,1,2026-01-03,57,1,106.2,119.8,27.6,68.7,6114,0.655,1
M00073,2,2026-02-03,57,1,125.1,144.2,26.3,85.5,5245,0.79,1
M00073,3,2026-03-02,57,1,125.9,125.5,28.6,67.7,7034,0.752,1
M00073,4,2026-03-29,57,1,132.1,138.9,28.5,80.9,8092,0.808,1
M00073,5,2026-04-30,57,1,130.2,139.1,31.4,67.7,5752,0.838,1
M00073,6,2026-05-31,57,1,143.7,126.4,25.8,60.8,6086,0.762,1
M00074,1,2026-01-01,53,0,114.7,119.9,23.5,62.6,7299,0.582,1
M00074,2,2026-01-31,53,0,107.5,99.0,28.5,63.4,7424,0.597,1
M00074,3,2026-03-01,53,0,124.6,110.5,23.3,80.9,7124,0.63,1
M00074,4,2026-04-02,53,0,118.6,140.2,26.7,59.2,5882,0.722,1
M00074,5,2026-05-03,53,0,127.0,130.1,24.2,64.7,6756,0.684,1
M00074,6,2026-05-29,53,0,119.6,123.8,26.6,78.8,5396,0.72,1
M00075,1,2026-01-02,46,1,99.3,107.2,22.8,67.1,7849,0.463,0
M00075,2,2026-01-30,46,1,106.5,104.7,26.7,80.6,8623,0.592,1
M00075,3,2026-02-28,46,1,99.9,90.0,22.5,82.8,9680,0.42,0
M00075,4,2026-03-31,46,1,90.0,111.5,23.9,64.0,6307,0.467,0
M00075,5,2026-05-01,46,1,107.1,117.9,28.3,70.1,6385,0.668,1
M00075,6,2026-05-28,46,1,120.7,139.6,24.4,70.2,6922,0.697,1
M00076,1,2026-01-01,67,0,84.8,121.9,26.4,69.9,9112,0.515,1
M00076,2,2026-01-28,67,0,103.7,124.9,28.6,85.4,7083,0.698,1
M00076,3,2026-02-27,67,0,90.2,125.6,26.4,64.2,7000,0.559,1
M00076,4,2026-04-02,67,0,120.9,127.9,29.8,71.6,6525,0.769,1
M00076,5,2026-04-30,67,0,140.2,123.6,27.8,75.0,5903,0.798,1
M00076,6,2026-06-02,67,0,101.5,126.3,26.5,64.2,7120,0.612,1
M00077,1,2026-01-03,34,1,105.5,129.3,29.1,74.7,5308,0.721,1
M00077,2,2026-02-02,34,1,114.7,107.2,25.8,55.7,5499,0.598,1
M00077,3,2026-03-04,34,1,114.5,122.4,23.1,63.4,5336,0.6,1
M00077,4,2026-03-29,34,1,125.1,125.0,26.0,68.0,5391,0.715,1
M00077,5,2026-04-29,34,1,103.2,114.7,26.6,75.7,6015,0.622,1
M00077,6,2026-06-03,34,1,138.4,112.4,29.3,67.0,6485,0.778,1
M00078,1,2026-01-03,61,1,80.7,117.0,23.7,63.4,5813,0.441,0
M00078,2,2026-02-03,61,1,72.3,118.6,23.1,73.5,7981,0.394,0
M00078,3,2026-03-03,61,1,105.9,110.9,29.4,80.0,7449,0.675,1
M00078,4,2026-04-03,61,1,113.7,117.1,22.9,67.8,6541,0.573,1
M00078,5,2026-05-04,61,1,117.2,124.5,28.7,56.2,6537,0.706,1
M00078,6,2026-05-28,61,1,120.9,112.7,26.5,69.7,7255,0.665,1
M00079,1,2026-01-01,54,1,96.8,117.1,27.2,79.3,6178,0.619,1
M00079,2,2026-02-02,54,1,122.1,125.6,25.6,86.1,5194,0.73,1
M00079,3,2026-03-03,54,1,100.5,147.2,30.7,78.3,6150,0.771,1
M00079,4,2026-04-04,54,1,124.1,150.3,29.5,77.6,4343,0.838,1
M00079,5,2026-05-04,54,1,133.9,129.5,25.3,76.4,5487,0.756,1
M00079,6,2026-05-30,54,1,126.5,149.3,27.4,70.0,4609,0.804,1
M00080,1,2025-12-29,75,0,124.8,125.7,25.2,69.7,5688,0.702,1
M00080,2,2026-01-30,75,0,114.6,127.4,29.7,78.1,5665,0.761,1
M00080,3,2026-02-27,75,0,139.9,131.1,26.2,80.9,6497,0.793,1
M00080,4,2026-04-02,75,0,112.6,136.4,30.3,93.8,5975,0.803,1
M00080,5,2026-05-03,75,0,107.9,138.0,30.9,77.5,4471,0.789,1
M00080,6,2026-05-31,75,0,113.1,130.0,28.3,74.2,3708,0.749,1
M00081,1,2025-12-31,58,0,96.6,115.4,21.5,63.7,7430,0.443,0
M00081,2,2026-01-29,58,0,110.2,114.8,22.3,71.2,9200,0.518,1
M00081,3,2026-03-02,58,0,91.7,99.7,25.3,68.9,6352,0.48,0
M00081,4,2026-03-29,58,0,91.3,106.7,25.2,58.3,8899,0.452,0
M00081,5,2026-05-02,58,0,100.7,122.2,21.0,62.1,7437,0.466,0
M00081,6,2026-05-29,58,0,103.9,103.2,26.1,70.4,7080,0.559,1
M00082,1,2026-01-03,45,0,99.2,118.6,27.2,91.3,6101,0.655,1
M00082,2,2026-01-28,45,0,117.5,120.8,25.8,84.7,7429,0.683,1
M00082,3,2026-03-01,45,0,132.2,117.1,24.1,74.3,8022,0.675,1
M00082,4,2026-04-04,45,0,134.7,134.7,28.0,76.7,5294,0.812,1
M00082,5,2026-05-04,45,0,121.3,138.7,26.0,79.3,5528,0.751,1
M00082,6,2026-06-01,45,0,140.6,153.8,29.2,68.2,6660,0.857,1
M00083,1,2026-01-01,45,0,123.3,116.3,25.6,64.9,7014,0.659,1
M00083,2,2026-02-01,45,0,115.8,110.3,26.2,72.8,6712,0.64,1
M00083,3,2026-03-05,45,0,109.0,113.2,23.8,79.2,4514,0.604,1
M00083,4,2026-04-03,45,0,108.8,115.7,23.9,71.4,5984,0.581,1
M00083,5,2026-04-30,45,0,117.1,141.7,26.5,74.3,5040,0.748,1
M00083,6,2026-05-28,45,0,115.0,114.6,22.3,73.7,5659,0.578,1
M00084,1,2025-12-31,37,0,98.9,116.5,28.2,87.4,8124,0.644,1
M00084,2,2026-02-02,37,0,124.9,123.4,25.1,81.9,5344,0.717,1
M00084,3,2026-03-05,37,0,119.9,130.6,24.0,75.1,5944,0.679,1
M00084,4,2026-04-04,37,0,127.0,124.6,31.0,76.1,5090,0.814,1
M00084,5,2026-05-04,37,0,127.0,129.2,28.6,76.8,5294,0.788,1
M00084,6,2026-06-02,37,0,121.1,128.9,27.1,79.0,5984,0.742,1
M00085,1,2026-01-03,57,0,116.0,137.3,31.0,71.8,6189,0.795,1
M00085,2,2026-02-02,57,0,121.4,140.6,27.6,64.7,5650,0.759,1
M00085,3,2026-03-05,57,0,116.0,137.7,27.2,72.9,6314,0.736,1
M00085,4,2026-03-29,57,0,123.6,139.3,26.7,67.6,6802,0.744,1
M00085,5,2026-05-03,57,0,126.4,119.1,29.3,70.6,5012,0.769,1
M00085,6,2026-06-02,57,0,120.0,139.6,26.5,80.7,5557,0.759,1
M00086,1,2026-01-03,55,0,108.5,113.1,28.2,74.7,7659,0.656,1
M00086,2,2026-02-03,55,0,109.1,132.2,23.7,77.2,7940,0.619,1
M00086,3,2026-03-02,55,0,110.5,100.2,23.6,71.4,5614,0.542,1
M00086,4,2026-04-02,55,0,113.9,131.7,24.0,67.7,6549,0.64,1
M00086,5,2026-05-04,55,0,128.8,129.6,26.6,72.6,8664,0.732,1
M00086,6,2026-05-29,55,0,118.3,120.7,28.3,57.1,6919,0.691,1
M00087,1,2025-12-30,31,1,142.0,139.8,27.0,86.7,5628,0.836,1
M00087,2,2026-02-01,31,1,121.5,143.5,26.8,73.7,5617,0.766,1
M00087,3,2026-03-04,31,1,136.5,136.9,26.6,88.8,5000,0.818,1
M00087,4,2026-03-30,31,1,108.4,128.1,27.6,85.9,4674,0.725,1
M00087,5,2026-05-04,31,1,149.5,136.8,28.0,85.2,4677,0.864,1
M00087,6,2026-05-29,31,1,111.4,113.6,33.5,75.5,3841,0.791,1
M00088,1,2026-01-03,57,0,98.7,110.0,21.4,52.8,9167,0.397,0
M00088,2,2026-01-29,57,0,89.8,112.5,23.9,75.9,7328,0.483,0
M00088,3,2026-03-04,57,0,99.8,109.8,21.9,79.9,8844,0.468,0
M00088,4,2026-04-03,57,0,89.4,117.5,23.7,73.7,6576,0.495,0
M00088,5,2026-04-28,57,0,90.1,136.5,23.8,73.4,8089,0.541,1
M00088,6,2026-06-01,57,0,115.5,133.9,23.4,74.1,7554,0.642,1
M00089,1,2025-12-29,42,0,80.3,97.9,20.5,65.9,9065,0.296,0
M00089,2,2026-01-29,42,0,87.7,98.8,17.0,51.2,7426,0.251,0
M00089,3,2026-02-28,42,0,89.0,116.5,24.3,56.4,11161,0.424,0
M00089,4,2026-03-29,42,0,99.9,109.8,25.5,65.8,9771,0.511,1
M00089,5,2026-05-03,42,0,118.2,110.9,19.4,46.2,8287,0.435,0
M00089,6,2026-05-30,42,0,113.8,104.1,23.0,72.4,8946,0.523,1
M00090,1,2025-12-30,70,0,117.6,122.7,26.2,55.5,8260,0.637,1
M00090,2,2026-01-31,70,0,93.8,120.4,26.7,80.0,6767,0.6,1
M00090,3,2026-02-28,70,0,118.4,133.4,24.0,73.7,7244,0.666,1
M00090,4,2026-03-30,70,0,129.0,118.3,23.6,74.5,7689,0.659,1
M00090,5,2026-04-28,70,0,119.8,124.5,23.6,64.7,6406,0.632,1
M00090,6,2026-05-29,70,0,127.5,114.0,27.2,72.8,6234,0.719,1
M00091,1,2026-01-03,40,0,107.8,114.6,23.3,76.5,6683,0.564,1
M00091,2,2026-01-31,40,0,108.3,124.7,24.7,79.6,6289,0.635,1
M00091,3,2026-03-04,40,0,103.2,113.7,26.5,78.1,7332,0.608,1
M00091,4,2026-04-03,40,0,106.6,113.5,24.2,66.7,7473,0.548,1
M00091,5,2026-04-30,40,0,116.9,139.8,28.4,61.2,5849,0.749,1
M00091,6,2026-05-28,40,0,123.6,125.6,26.6,65.7,5627,0.716,1
M00092,1,2026-01-04,53,1,84.2,117.6,21.0,85.1,8537,0.416,0
M00092,2,2026-02-02,53,1,104.6,99.1,23.1,63.2,8727,0.453,0
M00092,3,2026-03-02,53,1,94.6,109.0,19.7,72.4,6804,0.4,0
M00092,4,2026-03-30,53,1,114.4,113.1,24.2,72.2,8285,0.585,1
M00092,5,2026-04-30,53,1,98.3,122.4,19.2,62.6,6997,0.422,0
M00092,6,2026-06-02,53,1,87.9,118.5,24.6,64.4,8444,0.474,0
M00093,1,2026-01-04,49,1,93.9,129.1,29.0,81.0,7562,0.667,1
M00093,2,2026-02-02,49,1,113.9,122.8,25.7,77.7,5458,0.677,1
M00093,3,2026-02-27,49,1,121.1,135.0,28.4,66.3,5257,0.764,1
M00093,4,2026-03-31,49,1,141.7,128.7,24.3,71.4,6395,0.75,1
M00093,5,2026-04-30,49,1,117.0,116.1,23.8,78.5,6534,0.623,1
M00093,6,2026-06-01,49,1,116.5,139.2,23.8,68.1,5132,0.679,1
M00094,1,2026-01-03,45,0,110.9,117.6,22.6,74.7,7738,0.556,1
M00094,2,2026-01-28,45,0,81.5,118.9,25.6,51.3,6899,0.459,0
M00094,3,2026-03-01,45,0,106.2,107.3,26.0,57.8,6615,0.559,1
M00094,4,2026-03-31,45,0,112.5,127.9,29.5,77.3,7460,0.739,1
M00094,5,2026-05-02,45,0,113.9,124.9,22.4,66.5,7401,0.574,1
M00094,6,2026-05-28,45,0,115.5,119.0,22.6,75.2,6894,0.59,1
M00095,1,2025-12-31,61,1,112.7,135.1,25.7,79.6,4877,0.713,1
M00095,2,2026-01-29,61,1,127.4,137.9,30.6,62.9,5286,0.817,1
M00095,3,2026-03-04,61,1,130.9,143.5,29.5,71.8,5771,0.829,1
M00095,4,2026-03-31,61,1,136.7,146.3,29.6,76.0,3718,0.863,1
M00095,5,2026-04-28,61,1,127.9,134.0,31.1,80.9,4740,0.841,1
M00095,6,2026-05-31,61,1,130.9,147.7,32.3,84.7,6384,0.877,1
M00096,1,2026-01-01,66,0,112.0,113.8,26.4,84.3,5459,0.671,1
M00096,2,2026-01-30,66,0,129.3,137.1,27.2,78.4,5882,0.789,1
M00096,3,2026-03-05,66,0,128.9,116.1,23.9,88.6,4529,0.709,1
M00096,4,2026-04-01,66,0,125.7,122.3,31.1,79.0,5890,0.805,1
M00096,5,2026-04-29,66,0,130.3,117.0,32.0,76.9,5081,0.824,1
M00096,6,2026-05-31,66,0,164.3,133.8,28.6,68.4,5145,0.878,1
M00097,1,2025-12-31,56,0,91.9,111.6,23.3,63.6,7661,0.449,0
M00097,2,2026-02-03,56,0,119.1,96.0,23.8,75.2,8466,0.549,1
M00097,3,2026-03-04,56,0,101.3,109.4,24.6,71.5,7234,0.534,1
M00097,4,2026-03-30,56,0,125.2,139.4,24.0,69.4,7377,0.7,1
M00097,5,2026-05-04,56,0,97.8,113.5,24.7,58.9,5710,0.522,1
M00097,6,2026-05-29,56,0,149.7,118.3,23.6,60.8,6993,0.721,1
M00098,1,2026-01-01,69,0,120.6,113.5,22.1,72.0,6377,0.585,1
M00098,2,2026-02-03,69,0,134.3,110.5,24.9,65.0,7313,0.671,1
M00098,3,2026-03-02,69,0,102.3,127.7,27.5,75.2,5713,0.673,1
M00098,4,2026-04-03,69,0,101.7,141.5,27.8,68.5,7109,0.689,1
M00098,5,2026-05-01,69,0,113.3,125.5,30.0,73.7,5915,0.75,1
M00098,6,2026-06-01,69,0,120.8,138.1,26.6,85.7,6926,0.756,1
M00099,1,2026-01-03,64,1,104.9,138.1,33.0,68.0,5317,0.793,1
M00099,2,2026-01-29,64,1,131.3,116.2,29.3,75.0,5411,0.783,1
M00099,3,2026-03-03,64,1,128.1,158.0,31.7,89.6,5876,0.885,1
M00099,4,2026-04-01,64,1,142.0,154.9,31.1,75.3,5525,0.891,1
M00099,5,2026-05-04,64,1,148.2,138.9,30.7,79.8,4218,0.888,1
M00099,6,2026-05-29,64,1,129.4,119.2,34.3,83.2,5511,0.858,1
M00100,1,2025-12-30,40,0,98.0,110.8,24.1,84.6,6398,0.545,1
M00100,2,2026-02-03,40,0,102.1,111.1,23.7,81.6,6377,0.55,1
M00100,3,2026-02-28,40,0,104.2,110.4,21.2,80.5,7690,0.485,0
M00100,4,2026-03-29,40,0,99.4,120.1,25.2,66.2,6855,0.562,1
M00100,5,2026-04-30,40,0,111.9,132.6,25.3,72.9,8648,0.651,1
M00100,6,2026-05-30,40,0,100.7,113.5,21.8,70.8,6048,0.491,0
M00101,1,2026-01-02,31,1,103.3,107.5,26.1,63.5,7068,0.557,1
M00101,2,2026-01-31,31,1,109.0,108.3,28.1,78.9,6846,0.656,1
M00101,3,2026-03-02,31,1,106.9,109.9,27.5,91.0,7273,0.659,1
M00101,4,2026-04-03,31,1,123.6,126.7,28.0,63.4,4835,0.746,1
M00101,5,2026-05-02,31,1,128.5,132.9,28.1,54.1,6534,0.752,1
M00101,6,2026-05-29,31,1,111.5,130.0,31.0,74.2,5598,0.773,1
M00102,1,2026-01-04,35,1,93.9,144.3,26.8,65.4,5450,0.654,1
M00102,2,2026-02-02,35,1,128.8,135.3,27.7,70.5,7039,0.771,1
M00102,3,2026-03-05,35,1,121.2,113.2,22.7,79.6,5829,0.619,1
M00102,4,2026-03-29,35,1,108.6,129.1,29.0,85.1,5905,0.742,1
M00102,5,2026-04-30,35,1,135.6,126.1,29.7,72.6,5466,0.816,1
M00102,6,2026-05-29,35,1,139.1,141.0,27.4,81.1,5723,0.83,1
M00103,1,2025-12-31,53,0,92.0,134.4,25.3,75.6,5567,0.604,1
M00103,2,2026-02-02,53,0,131.3,125.1,27.7,69.9,7622,0.753,1
M00103,3,2026-03-01,53,0,120.0,130.8,28.4,90.1,5517,0.784,1
M00103,4,2026-04-01,53,0,118.0,136.9,27.5,76.5,5762,0.755,1
M00103,5,2026-05-03,53,0,141.8,121.8,30.1,89.0,3886,0.856,1
M00103,6,2026-06-03,53,0,128.7,133.5,27.4,77.1,4880,0.787,1
M00104,1,2025-12-31,37,0,89.1,94.2,23.6,60.8,9621,0.367,0
M00104,2,2026-01-31,37,0,85.9,125.4,19.6,64.0,7261,0.386,0
M00104,3,2026-03-02,37,0,88.8,115.2,23.2,67.4,8240,0.445,0
M00104,4,2026-03-29,37,0,100.5,115.6,21.6,61.3,7271,0.461,0
M00104,5,2026-04-29,37,0,101.5,104.8,20.6,54.4,6722,0.404,0
M00104,6,2026-06-01,37,0,94.8,99.8,20.7,67.4,9618,0.36,0
M00105,1,2026-01-03,68,0,120.8,132.0,25.8,76.3,6023,0.721,1
M00105,2,2026-02-01,68,0,124.6,101.9,29.7,67.5,7197,0.71,1
M00105,3,2026-02-28,68,0,130.9,119.0,27.8,80.1,5088,0.772,1
M00105,4,2026-03-29,68,0,103.4,127.9,26.9,79.1,6005,0.669,1
M00105,5,2026-04-28,68,0,129.9,147.1,29.2,77.4,6056,0.833,1
M00105,6,2026-05-28,68,0,132.0,133.3,27.8,71.5,5445,0.791,1
M00106,1,2025-12-30,53,1,102.0,108.6,20.2,62.9,8184,0.41,0
M00106,2,2026-02-01,53,1,77.0,90.0,25.3,84.0,6906,0.41,0
M00106,3,2026-03-05,53,1,132.5,119.7,21.2,76.0,8178,0.625,1
M00106,4,2026-03-31,53,1,89.7,130.8,23.6,76.1,7234,0.533,1
M00106,5,2026-04-28,53,1,114.0,125.1,22.9,48.2,7796,0.546,1
M00106,6,2026-05-29,53,1,97.6,118.3,25.5,61.0,7918,0.536,1
M00107,1,2026-01-04,65,1,110.9,121.7,26.3,89.4,5135,0.698,1
M00107,2,2026-02-01,65,1,105.8,123.4,27.3,59.9,5428,0.646,1
M00107,3,2026-03-05,65,1,100.0,139.1,27.6,85.6,5399,0.715,1
M00107,4,2026-04-01,65,1,122.7,122.5,26.6,64.1,5464,0.704,1
M00107,5,2026-04-28,65,1,146.5,145.0,24.3,73.7,5596,0.807,1
M00107,6,2026-06-03,65,1,148.1,126.3,30.0,73.8,3346,0.863,1
M00108,1,2026-01-04,39,0,125.0,132.1,24.9,83.4,6586,0.726,1
M00108,2,2026-02-01,39,0,115.6,126.7,26.6,77.9,5342,0.712,1
M00108,3,2026-03-02,39,0,111.9,132.2,26.1,79.1,4702,0.71,1
M00108,4,2026-03-30,39,0,136.1,122.1,27.4,64.8,7103,0.752,1
M00108,5,2026-05-03,39,0,102.8,124.7,31.1,71.2,4881,0.735,1
M00108,6,2026-05-30,39,0,122.3,132.2,30.3,80.7,3766,0.819,1
M00109,1,2025-12-31,36,1,90.4,127.2,26.2,67.1,7019,0.567,1
M00109,2,2026-01-30,36,1,106.2,123.4,25.9,54.4,6510,0.599,1
M00109,3,2026-02-27,36,1,113.4,136.8,23.8,81.3,7008,0.667,1
M00109,4,2026-03-29,36,1,94.6,136.9,25.3,72.7,5303,0.621,1
M00109,5,2026-04-30,36,1,128.3,130.9,25.2,73.1,5866,0.731,1
M00109,6,2026-06-01,36,1,116.9,127.6,28.6,68.1,6327,0.731,1
M00110,1,2026-01-03,65,0,113.7,112.6,27.1,72.1,7538,0.648,1
M00110,2,2026-01-31,65,0,116.9,127.9,26.7,70.8,6057,0.705,1
M00110,3,2026-03-04,65,0,130.6,116.4,27.1,74.3,7022,0.732,1
M00110,4,2026-04-04,65,0,127.0,137.0,28.0,75.9,6179,0.787,1
M00110,5,2026-04-30,65,0,137.3,122.5,31.0,67.9,6066,0.822,1
M00110,6,2026-05-29,65,0,119.2,124.4,27.4,81.2,4695,0.745,1
M00111,1,2026-01-02,38,1,94.1,112.4,29.1,70.6,9106,0.589,1
M00111,2,2026-01-31,38,1,88.2,119.5,18.5,78.2,5658,0.399,0
M00111,3,2026-03-02,38,1,87.1,123.3,26.3,62.4,6695,0.536,1
M00111,4,2026-03-29,38,1,98.5,110.9,21.1,66.4,6503,0.444,0
M00111,5,2026-05-01,38,1,123.0,126.9,22.4,67.1,7241,0.623,1
M00111,6,2026-06-01,38,1,105.0,107.2,23.3,70.8,6964,0.515,1
M00112,1,2026-01-01,43,1,99.6,107.5,24.1,74.0,8630,0.499,0
M00112,2,2026-02-02,43,1,105.1,110.8,23.8,77.2,7068,0.55,1
M00112,3,2026-03-04,43,1,88.4,105.6,24.9,68.3,8566,0.452,0
M00112,4,2026-04-01,43,1,78.5,117.0,25.3,77.6,5655,0.498,0
M00112,5,2026-05-04,43,1,111.1,127.8,25.0,73.2,6293,0.649,1
M00112,6,2026-05-29,43,1,117.3,114.9,26.1,68.1,7885,0.638,1
M00113,1,2025-12-31,68,1,125.8,128.2,25.4,71.6,6323,0.712,1
M00113,2,2026-02-03,68,1,117.6,127.7,23.8,74.9,6864,0.65,1
M00113,3,2026-02-28,68,1,119.5,134.2,28.6,66.9,6667,0.75,1
M00113,4,2026-04-01,68,1,123.0,126.1,26.0,70.3,4667,0.719,1
M00113,5,2026-05-04,68,1,123.0,112.0,25.6,66.5,5270,0.664,1
M00113,6,2026-05-31,68,1,133.6,129.4,29.3,75.6,5532,0.815,1
M00114,1,2025-12-29,48,0,66.1,112.7,22.8,71.7,10785,0.319,0
M00114,2,2026-01-31,48,0,75.4,102.2,22.4,71.4,8054,0.344,0
M00114,3,2026-03-05,48,0,81.6,110.2,21.9,61.6,6973,0.372,0
M00114,4,2026-03-31,48,0,89.9,111.2,24.4,71.4,9291,0.461,0
M00114,5,2026-05-03,48,0,87.7,127.6,21.9,61.9,6561,0.453,0
M00114,6,2026-06-01,48,0,97.4,113.9,23.0,60.4,8468,0.459,0
M00115,1,2026-01-01,56,1,74.0,115.6,19.8,64.4,8654,0.304,0
M00115,2,2026-01-28,56,1,78.2,105.6,20.2,66.9,8329,0.308,0
M00115,3,2026-02-28,56,1,83.4,132.0,21.2,75.6,8260,0.442,0
M00115,4,2026-04-02,56,1,82.3,99.5,21.4,63.2,7958,0.328,0
M00115,5,2026-04-30,56,1,95.5,128.5,22.7,63.4,7972,0.499,0
M00115,6,2026-05-29,56,1,111.8,114.1,22.4,83.7,8475,0.556,1
M00116,1,2025-12-29,42,0,149.0,132.6,28.5,76.3,3894,0.857,1
M00116,2,2026-02-01,42,0,139.9,143.7,33.8,107.6,5655,0.919,1
M00116,3,2026-03-05,42,0,137.2,143.0,33.8,82.5,5336,0.898,1
M00116,4,2026-03-31,42,0,154.6,156.5,31.1,83.5,4674,0.92,1
M00116,5,2026-04-28,42,0,147.2,138.0,29.8,79.4,2614,0.883,1
M00116,6,2026-05-28,42,0,141.9,166.5,31.1,77.6,3060,0.913,1
M00117,1,2026-01-04,37,0,100.8,118.5,25.5,73.4,5831,0.596,1
M00117,2,2026-01-28,37,0,90.0,124.8,26.6,71.8,7922,0.567,1
M00117,3,2026-02-28,37,0,129.2,101.8,26.8,72.0,4828,0.698,1
M00117,4,2026-03-31,37,0,105.8,110.3,27.4,77.8,5463,0.646,1
M00117,5,2026-04-30,37,0,116.2,117.0,23.9,68.2,6555,0.605,1
M00117,6,2026-06-01,37,0,122.4,135.3,29.4,65.2,4378,0.789,1
M00118,1,2025-12-31,35,0,103.9,134.7,22.9,65.5,6970,0.573,1
M00118,2,2026-02-03,35,0,125.9,124.4,22.6,80.0,9046,0.639,1
M00118,3,2026-03-02,35,0,125.2,131.2,28.3,55.9,7066,0.738,1
M00118,4,2026-03-30,35,0,113.0,124.3,24.2,71.2,6049,0.629,1
M00118,5,2026-05-01,35,0,117.7,112.3,26.4,68.4,7301,0.646,1
M00118,6,2026-06-02,35,0,131.7,121.4,21.9,84.2,6532,0.67,1
M00119,1,2026-01-03,36,0,129.0,144.0,29.2,83.3,5691,0.835,1
M00119,2,2026-01-28,36,0,144.3,145.4,29.0,66.5,5983,0.851,1
M00119,3,2026-03-01,36,0,124.2,126.6,28.1,80.8,4277,0.78,1
M00119,4,2026-03-31,36,0,117.1,141.5,31.3,75.3,4899,0.821,1
M00119,5,2026-04-29,36,0,144.3,108.1,29.6,85.8,5624,0.821,1
M00119,6,2026-06-01,36,0,155.6,136.9,29.1,70.2,4588,0.874,1
M00120,1,2025-12-30,65,0,85.4,128.6,23.7,80.1,6778,0.52,1
M00120,2,2026-02-03,65,0,113.6,135.2,27.1,85.2,6796,0.735,1
M00120,3,2026-03-02,65,0,117.6,128.1,23.4,77.8,6553,0.651,1
M00120,4,2026-03-29,65,0,130.5,123.0,23.8,81.3,5676,0.71,1
M00120,5,2026-04-30,65,0,135.3,96.0,27.2,71.3,6534,0.699,1
M00120,6,2026-05-31,65,0,120.8,139.4,25.7,89.2,6017,0.756,1
M00121,1,2026-01-04,64,0,103.8,146.6,29.4,75.3,4215,0.77,1
M00121,2,2026-02-01,64,0,138.5,132.0,28.0,65.1,4757,0.807,1
M00121,3,2026-03-05,64,0,127.3,132.2,29.6,75.9,4787,0.811,1
M00121,4,2026-04-04,64,0,128.7,127.7,29.1,86.4,5140,0.81,1
M00121,5,2026-05-04,64,0,127.5,140.6,25.7,70.3,4752,0.762,1
M00121,6,2026-06-01,64,0,137.8,143.5,29.8,87.3,3695,0.874,1
M00122,1,2026-01-04,32,0,111.9,132.4,26.2,87.7,4425,0.728,1
M00122,2,2026-01-29,32,0,125.6,137.9,27.9,62.2,3712,0.782,1
M00122,3,2026-03-03,32,0,131.7,128.7,27.7,95.4,5423,0.811,1
M00122,4,2026-03-31,32,0,137.9,134.2,29.3,73.4,6111,0.828,1
M00122,5,2026-05-01,32,0,134.6,135.3,31.1,87.6,5908,0.86,1
M00122,6,2026-05-31,32,0,134.1,124.5,31.4,61.5,5114,0.821,1
M00123,1,2025-12-30,67,1,123.9,127.2,27.5,77.9,7391,0.742,1
M00123,2,2026-01-29,67,1,121.5,126.1,26.6,81.0,6805,0.725,1
M00123,3,2026-03-03,67,1,111.1,151.8,30.6,73.8,5447,0.81,1
M00123,4,2026-03-31,67,1,132.6,128.6,26.6,78.8,6964,0.765,1
M00123,5,2026-04-29,67,1,133.8,153.9,28.6,75.3,6517,0.842,1
M00123,6,2026-05-30,67,1,112.9,143.5,27.5,75.7,5650,0.752,1
M00124,1,2026-01-01,56,0,91.6,118.0,19.0,60.7,9962,0.346,0
M00124,2,2026-01-28,56,0,76.5,90.0,20.6,60.3,8858,0.257,0
M00124,3,2026-03-01,56,0,89.4,107.0,21.7,60.6,8202,0.379,0
M00124,4,2026-04-01,56,0,70.4,104.1,22.1,71.9,8796,0.317,0
M00124,5,2026-04-28,56,0,88.8,100.5,22.7,56.6,9167,0.363,0
M00124,6,2026-06-02,56,0,85.2,101.9,18.8,51.1,11254,0.251,0
M00125,1,2025-12-29,62,1,111.1,126.0,27.9,93.4,4661,0.748,1
M00125,2,2026-02-02,62,1,132.5,122.1,27.2,77.6,4922,0.772,1
M00125,3,2026-02-28,62,1,107.0,128.1,27.3,80.0,4603,0.706,1
M00125,4,2026-04-04,62,1,105.0,151.7,27.8,80.1,4561,0.764,1
M00125,5,2026-04-30,62,1,133.0,150.1,29.0,82.7,4393,0.857,1
M00125,6,2026-06-01,62,1,131.3,121.0,27.9,78.1,5000,0.778,1
M00126,1,2025-12-29,75,0,98.9,112.9,21.9,78.5,7300,0.485,0
M00126,2,2026-01-31,75,0,104.0,124.9,24.7,84.1,5481,0.632,1
M00126,3,2026-02-27,75,0,129.2,134.7,23.3,69.4,5711,0.703,1
M00126,4,2026-04-04,75,0,108.2,119.4,22.2,73.7,7783,0.539,1
M00126,5,2026-05-04,75,0,120.0,106.0,26.4,80.3,5875,0.671,1
M00126,6,2026-05-29,75,0,131.7,110.4,24.7,56.3,6080,0.653,1
M00127,1,2026-01-04,46,0,111.3,110.8,27.0,69.6,5758,0.644,1
M00127,2,2026-02-03,46,0,133.8,130.9,25.9,67.9,6527,0.749,1
M00127,3,2026-03-04,46,0,98.8,131.7,25.2,77.1,7146,0.612,1
M00127,4,2026-04-02,46,0,130.3,123.2,27.2,79.3,6376,0.759,1
M00127,5,2026-05-01,46,0,141.2,126.2,25.2,63.5,6897,0.742,1
M00127,6,2026-06-01,46,0,141.2,134.8,30.2,58.2,5507,0.835,1
M00128,1,2026-01-04,69,1,114.2,134.1,32.0,87.9,4636,0.827,1
M00128,2,2026-02-02,69,1,116.1,118.3,26.6,78.6,5784,0.69,1
M00128,3,2026-03-03,69,1,113.1,141.7,28.4,86.8,6387,0.774,1
M00128,4,2026-04-03,69,1,120.0,119.5,29.3,83.5,3563,0.779,1
M00128,5,2026-05-04,69,1,139.0,129.3,26.2,62.9,4280,0.776,1
M00128,6,2026-06-01,69,1,126.2,124.4,29.1,80.2,4518,0.793,1
M00129,1,2026-01-01,71,0,109.5,117.0,25.9,70.4,7531,0.614,1
M00129,2,2026-01-30,71,0,118.4,129.3,23.5,72.0,6890,0.645,1
M00129,3,2026-03-04,71,0,130.4,122.9,25.9,71.8,6968,0.72,1
M00129,4,2026-04-04,71,0,104.2,113.9,25.3,73.2,4718,0.603,1
M00129,5,2026-05-04,71,0,94.9,135.5,28.1,72.2,6941,0.661,1
M00129,6,2026-06-03,71,0,97.5,137.7,26.9,61.2,6759,0.633,1
M00130,1,2025-12-29,61,1,104.7,124.7,27.1,72.4,5926,0.66,1
M00130,2,2026-01-30,61,1,115.7,118.0,26.7,65.9,5720,0.669,1
M00130,3,2026-03-04,61,1,125.7,123.3,28.2,82.5,6103,0.768,1
M00130,4,2026-04-01,61,1,116.0,146.8,24.3,75.2,6030,0.71,1
M00130,5,2026-04-29,61,1,112.4,106.2,24.5,76.1,7156,0.581,1
M00130,6,2026-05-28,61,1,109.5,112.4,26.0,74.1,6538,0.621,1
M00131,1,2026-01-03,63,1,102.0,95.1,25.1,63.1,8169,0.478,0
M00131,2,2026-01-31,63,1,129.3,107.2,21.5,75.0,8493,0.576,1
M00131,3,2026-03-02,63,1,86.4,122.9,23.2,71.5,7657,0.47,0
M00131,4,2026-04-04,63,1,92.5,108.0,19.9,68.8,7704,0.377,0
M00131,5,2026-04-29,63,1,100.0,127.6,23.8,74.7,8050,0.562,1
M00131,6,2026-06-03,63,1,108.7,114.3,24.0,74.9,6109,0.585,1
M00132,1,2025-12-29,35,1,91.7,110.1,28.5,76.4,6985,0.591,1
M00132,2,2026-01-29,35,1,89.9,123.4,26.8,73.6,5713,0.591,1
M00132,3,2026-03-02,35,1,127.5,131.2,26.8,73.2,4676,0.766,1
M00132,4,2026-03-30,35,1,112.1,121.1,27.3,70.8,4935,0.689,1
M00132,5,2026-04-29,35,1,131.6,145.5,28.3,75.8,5002,0.827,1
M00132,6,2026-05-30,35,1,124.0,119.5,26.4,81.9,3263,0.744,1
M00133,1,2026-01-02,64,1,136.9,122.9,25.4,77.6,6122,0.75,1
M00133,2,2026-02-02,64,1,107.2,133.8,25.4,82.0,4962,0.685,1
M00133,3,2026-03-05,64,1,120.2,128.6,25.0,90.8,6954,0.712,1
M00133,4,2026-03-29,64,1,117.0,139.8,23.8,75.8,4198,0.703,1
M00133,5,2026-05-03,64,1,120.9,125.5,28.1,75.3,7139,0.736,1
M00133,6,2026-05-28,64,1,136.0,129.0,26.9,69.7,4666,0.784,1
M00134,1,2025-12-31,56,1,118.8,124.2,28.6,59.8,5777,0.722,1
M00134,2,2026-02-01,56,1,136.2,137.3,26.4,86.8,7325,0.799,1
M00134,3,2026-02-27,56,1,136.0,133.8,25.1,73.0,5796,0.762,1
M00134,4,2026-04-02,56,1,114.3,122.8,28.3,78.4,6767,0.717,1
M00134,5,2026-05-03,56,1,135.6,116.2,29.7,87.0,6054,0.812,1
M00134,6,2026-06-01,56,1,150.0,146.1,25.9,77.9,5736,0.843,1
M00135,1,2026-01-02,60,0,115.1,140.3,25.2,68.0,4671,0.706,1
M00135,2,2026-02-01,60,0,118.9,115.6,24.2,68.2,6350,0.622,1
M00135,3,2026-02-28,60,0,134.8,124.0,26.4,65.0,6361,0.741,1
M00135,4,2026-03-29,60,0,115.2,118.2,24.3,69.7,6493,0.618,1
M00135,5,2026-05-01,60,0,137.2,125.3,27.9,68.6,4617,0.793,1
M00135,6,2026-06-02,60,0,128.7,141.3,28.3,66.0,5115,0.799,1
M00136,1,2025-12-29,42,0,120.7,97.7,26.3,60.9,7514,0.598,1
M00136,2,2026-01-30,42,0,107.9,103.3,24.5,81.8,7755,0.558,1
M00136,3,2026-03-01,42,0,120.3,134.5,28.1,61.9,6525,0.739,1
M00136,4,2026-03-30,42,0,121.4,103.6,27.7,76.2,8592,0.666,1
M00136,5,2026-04-30,42,0,118.0,144.6,27.5,74.8,6638,0.763,1
M00136,6,2026-06-03,42,0,121.8,128.4,27.5,72.5,7050,0.732,1
M00137,1,2025-12-30,54,0,98.8,97.5,23.4,87.8,9584,0.468,0
M00137,2,2026-01-29,54,0,111.6,116.3,22.9,64.8,6136,0.56,1
M00137,3,2026-03-01,54,0,119.3,120.6,22.0,73.0,6287,0.599,1
M00137,4,2026-04-02,54,0,104.3,128.1,25.5,79.0,4974,0.656,1
M00137,5,2026-05-03,54,0,100.1,117.6,27.1,70.9,6628,0.612,1
M00137,6,2026-06-03,54,0,128.2,122.7,25.7,92.7,5985,0.75,1
M00138,1,2026-01-02,39,1,110.3,118.0,26.6,82.0,7214,0.661,1
M00138,2,2026-02-02,39,1,107.9,117.5,27.0,75.4,6408,0.653,1
M00138,3,2026-03-01,39,1,118.7,126.9,27.6,77.7,7416,0.724,1
M00138,4,2026-04-03,39,1,116.2,130.3,29.1,84.9,5330,0.775,1
M00138,5,2026-05-02,39,1,124.0,130.5,29.4,57.0,6592,0.758,1
M00138,6,2026-05-29,39,1,133.9,135.6,26.7,69.5,4967,0.785,1
M00139,1,2025-12-31,75,0,110.2,128.9,29.7,89.3,5943,0.765,1
M00139,2,2026-01-29,75,0,106.4,117.2,22.3,76.2,6665,0.542,1
M00139,3,2026-02-27,75,0,96.3,136.4,25.9,67.1,6500,0.617,1
M00139,4,2026-04-01,75,0,118.0,123.8,26.9,90.3,5159,0.74,1
M00139,5,2026-05-04,75,0,120.2,115.2,27.7,74.8,6335,0.708,1
M00139,6,2026-06-01,75,0,126.2,117.6,29.4,66.9,4987,0.763,1
M00140,1,2025-12-31,42,1,99.3,106.3,21.6,74.7,7706,0.45,0
M00140,2,2026-02-03,42,1,103.3,110.0,21.7,45.0,7692,0.422,0
M00140,3,2026-03-04,42,1,87.5,111.4,27.1,73.1,8334,0.526,1
M00140,4,2026-04-04,42,1,99.9,110.1,23.1,75.4,7361,0.502,1
M00140,5,2026-04-28,42,1,96.7,120.5,25.8,71.1,8817,0.555,1
M00140,6,2026-05-30,42,1,102.8,106.3,26.6,78.6,5513,0.606,1
M00141,1,2025-12-30,47,0,88.1,110.2,23.0,72.1,6543,0.448,0
M00141,2,2026-01-29,47,0,94.4,117.4,26.3,67.8,6837,0.561,1
M00141,3,2026-02-28,47,0,111.1,119.7,21.2,87.0,5196,0.582,1
M00141,4,2026-03-30,47,0,121.7,122.1,25.9,66.7,6712,0.68,1
M00141,5,2026-05-01,47,0,104.7,142.7,27.3,87.8,5584,0.738,1
M00141,6,2026-05-29,47,0,127.5,137.1,30.9,63.8,7052,0.81,1
M00142,1,2026-01-02,50,0,117.9,115.1,23.7,64.4,8240,0.579,1
M00142,2,2026-02-01,50,0,106.3,126.4,22.1,71.8,5574,0.568,1
M00142,3,2026-02-27,50,0,122.7,142.0,27.0,79.2,4857,0.784,1
M00142,4,2026-04-04,50,0,105.4,116.8,25.4,61.8,6196,0.582,1
M00142,5,2026-05-03,50,0,112.0,116.3,26.5,75.9,5779,0.663,1
M00142,6,2026-06-01,50,0,128.3,132.2,23.9,81.3,5668,0.725,1
M00143,1,2026-01-04,47,0,106.1,110.8,28.4,86.9,6186,0.678,1
M00143,2,2026-01-30,47,0,115.3,142.4,24.6,91.5,4575,0.741,1
M00143,3,2026-03-03,47,0,124.9,129.8,28.2,79.3,4577,0.786,1
M00143,4,2026-04-01,47,0,119.7,137.9,28.8,77.5,5063,0.789,1
M00143,5,2026-04-28,47,0,141.6,120.5,24.6,74.4,4940,0.751,1
M00143,6,2026-05-28,47,0,145.5,144.5,27.4,64.9,5191,0.837,1
M00144,1,2026-01-03,65,0,129.8,130.5,29.0,67.8,7172,0.781,1
M00144,2,2026-02-02,65,0,135.4,139.8,27.1,86.9,7358,0.811,1
M00144,3,2026-02-27,65,0,139.3,127.7,28.0,79.4,5793,0.812,1
M00144,4,2026-04-01,65,0,151.0,128.0,26.7,91.0,4881,0.844,1
M00144,5,2026-05-04,65,0,127.7,145.2,25.0,73.4,5022,0.765,1
M00144,6,2026-06-02,65,0,142.4,123.3,29.1,81.1,4886,0.834,1
M00145,1,2026-01-01,75,1,99.6,130.7,29.2,70.3,5213,0.7,1
M00145,2,2026-01-29,75,1,102.7,124.2,24.2,76.6,5749,0.599,1
M00145,3,2026-03-04,75,1,97.7,110.6,22.2,81.7,6241,0.497,0
M00145,4,2026-04-01,75,1,110.7,127.7,25.3,59.4,6197,0.629,1
M00145,5,2026-05-02,75,1,132.1,118.6,25.6,84.9,6993,0.733,1
M00145,6,2026-06-02,75,1,116.3,136.4,25.3,80.5,5723,0.715,1
M00146,1,2026-01-04,25,1,85.0,121.7,22.2,70.2,7034,0.442,0
M00146,2,2026-02-03,25,1,92.9,110.2,21.1,66.6,8965,0.392,0
M00146,3,2026-03-04,25,1,82.0,105.6,21.4,60.1,6968,0.347,0
M00146,4,2026-03-29,25,1,90.1,106.3,25.6,74.6,6806,0.506,1
M00146,5,2026-04-29,25,1,111.9,110.8,24.1,72.5,6843,0.578,1
M00146,6,2026-06-02,25,1,122.7,108.8,24.6,72.1,8829,0.611,1
M00147,1,2026-01-01,39,0,101.5,110.9,24.4,87.3,7833,0.559,1
M00147,2,2026-02-03,39,0,98.6,113.9,24.8,87.3,7473,0.568,1
M00147,3,2026-03-03,39,0,98.0,111.0,24.2,62.8,8974,0.48,0
M00147,4,2026-04-02,39,0,107.1,105.4,21.9,74.5,7308,0.491,0
M00147,5,2026-05-04,39,0,97.3,117.9,25.0,53.7,9080,0.496,0
M00147,6,2026-05-30,39,0,105.8,122.8,24.7,72.3,6716,0.602,1
M00148,1,2025-12-30,51,0,119.4,124.7,29.4,69.5,4092,0.766,1
M00148,2,2026-01-29,51,0,142.1,148.6,33.7,85.0,5411,0.912,1
M00148,3,2026-03-03,51,0,130.2,125.7,32.3,83.5,5306,0.847,1
M00148,4,2026-04-04,51,0,111.3,128.2,29.4,78.0,4670,0.755,1
M00148,5,2026-05-04,51,0,136.4,139.5,32.3,77.8,6102,0.871,1
M00148,6,2026-06-02,51,0,136.5,146.5,29.4,64.4,4141,0.847,1
M00149,1,2025-12-30,53,0,116.5,125.6,25.3,70.2,7013,0.66,1
M00149,2,2026-02-03,53,0,140.0,124.1,28.4,85.2,7326,0.811,1
M00149,3,2026-03-04,53,0,127.1,131.6,28.8,75.1,6520,0.786,1
M00149,4,2026-04-03,53,0,118.9,133.3,27.0,75.3,4207,0.751,1
M00149,5,2026-05-01,53,0,129.8,132.3,28.5,74.5,5273,0.797,1
M00149,6,2026-06-02,53,0,134.7,122.1,29.5,78.9,4611,0.817,1
M00150,1,2025-12-31,67,1,80.2,115.5,27.3,71.3,6635,0.523,1
M00150,2,2026-01-29,67,1,90.7,124.9,23.5,80.2,7597,0.521,1
M00150,3,2026-03-05,67,1,104.0,125.4,24.6,78.0,6283,0.615,1
M00150,4,2026-04-04,67,1,95.0,120.2,29.0,75.3,7044,0.642,1
M00150,5,2026-04-28,67,1,112.8,137.5,28.9,61.0,5925,0.737,1
M00150,6,2026-06-02,67,1,108.3,132.3,27.8,62.0,5649,0.691,1
M00151,1,2026-01-01,68,1,113.9,127.5,24.1,71.5,6226,0.64,1
M00151,2,2026-01-31,68,1,130.4,121.9,26.8,64.5,4830,0.74,1
M00151,3,2026-02-28,68,1,132.3,134.2,27.1,68.6,5005,0.782,1
M00151,4,2026-04-03,68,1,116.7,113.1,26.7,75.1,5745,0.675,1
M00151,5,2026-04-29,68,1,137.9,134.5,30.6,79.1,4801,0.857,1
M00151,6,2026-05-31,68,1,146.6,136.6,26.8,84.4,5194,0.84,1
M00152,1,2025-12-31,52,0,103.5,125.9,25.3,67.6,6656,0.605,1
M00152,2,2026-01-28,52,0,120.4,122.9,28.8,76.1,6636,0.747,1
M00152,3,2026-03-02,52,0,112.9,135.1,24.1,68.6,6186,0.651,1
M00152,4,2026-03-29,52,0,95.2,119.9,26.1,72.4,5140,0.593,1
M00152,5,2026-04-28,52,0,109.7,114.0,27.8,77.8,6150,0.672,1
M00152,6,2026-05-31,52,0,111.1,117.0,27.6,85.7,6098,0.696,1
M00153,1,2026-01-04,72,1,119.0,139.5,28.4,66.4,5192,0.768,1
M00153,2,2026-02-02,72,1,146.5,117.9,27.1,84.9,4885,0.813,1
M00153,3,2026-03-02,72,1,120.8,136.9,26.9,75.8,4298,0.763,1
M00153,4,2026-04-04,72,1,126.7,127.2,25.5,68.8,6016,0.713,1
M00153,5,2026-05-03,72,1,129.6,129.3,26.7,85.3,5783,0.776,1
M00153,6,2026-06-01,72,1,134.2,123.6,31.1,80.9,5421,0.836,1
M00154,1,2025-12-30,70,1,99.9,131.6,28.0,74.4,7018,0.671,1
M00154,2,2026-01-30,70,1,132.9,125.1,25.1,80.5,6413,0.738,1
M00154,3,2026-03-04,70,1,112.7,120.8,23.7,56.4,5825,0.581,1
M00154,4,2026-03-31,70,1,111.9,120.4,24.2,77.4,7350,0.614,1
M00154,5,2026-05-04,70,1,107.3,130.4,26.3,75.4,5969,0.674,1
M00154,6,2026-05-31,70,1,113.9,126.9,27.7,72.2,5402,0.717,1
M00155,1,2025-12-29,51,1,85.4,112.5,22.8,59.4,7850,0.401,0
M00155,2,2026-01-31,51,1,103.8,131.2,21.9,63.1,5396,0.551,1
M00155,3,2026-03-05,51,1,129.5,123.1,21.4,78.5,7680,0.635,1
M00155,4,2026-03-29,51,1,88.4,111.9,26.9,72.8,7176,0.538,1
M00155,5,2026-05-04,51,1,110.4,109.4,23.3,85.5,8205,0.563,1
M00155,6,2026-06-03,51,1,110.5,113.2,27.0,62.2,7044,0.622,1
M00156,1,2026-01-04,28,0,102.6,92.8,21.1,72.4,6048,0.425,0
M00156,2,2026-01-29,28,0,96.5,118.8,22.7,60.9,7148,0.476,0
M00156,3,2026-03-01,28,0,115.8,125.9,23.1,73.1,7942,0.608,1
M00156,4,2026-03-29,28,0,120.2,130.9,26.6,69.7,8005,0.703,1
M00156,5,2026-05-04,28,0,113.5,122.7,22.9,77.4,6388,0.608,1
M00156,6,2026-05-31,28,0,115.8,135.3,26.4,55.3,7303,0.676,1
M00157,1,2026-01-01,28,0,95.2,110.0,23.8,57.4,8770,0.447,0
M00157,2,2026-02-01,28,0,89.4,116.9,25.0,59.9,7156,0.488,0
M00157,3,2026-03-01,28,0,104.2,111.5,23.7,87.1,6015,0.576,1
M00157,4,2026-03-29,28,0,110.4,105.1,18.4,65.0,8193,0.401,0
M00157,5,2026-05-01,28,0,127.1,115.9,24.0,67.7,9322,0.625,1
M00157,6,2026-06-01,28,0,94.7,122.6,23.5,65.1,6558,0.511,1
M00158,1,2025-12-30,61,0,126.8,104.0,25.2,72.4,5937,0.655,1
M00158,2,2026-02-03,61,0,126.1,112.1,24.8,56.3,6703,0.63,1
M00158,3,2026-02-27,61,0,111.1,132.7,26.0,60.7,6869,0.656,1
M00158,4,2026-04-04,61,0,140.1,114.0,26.6,77.3,5735,0.764,1
M00158,5,2026-04-30,61,0,131.2,126.6,25.3,74.3,6151,0.732,1
M00158,6,2026-05-30,61,0,142.0,129.4,28.9,69.9,4194,0.832,1
M00159,1,2025-12-31,28,1,80.6,117.7,25.9,79.5,7314,0.511,1
M00159,2,2026-01-29,28,1,98.6,126.5,23.7,55.0,7926,0.512,1
M00159,3,2026-02-28,28,1,100.6,136.2,22.5,68.9,6593,0.563,1
M00159,4,2026-04-01,28,1,107.6,126.8,23.7,69.8,7049,0.591,1
M00159,5,2026-04-28,28,1,121.8,124.2,26.5,66.6,5829,0.703,1
M00159,6,2026-05-30,28,1,130.4,127.1,24.1,65.4,6534,0.692,1
M00160,1,2025-12-31,58,0,85.1,104.6,24.9,67.6,6727,0.45,0
M00160,2,2026-02-02,58,0,103.7,137.4,23.2,69.6,6863,0.595,1
M00160,3,2026-03-02,58,0,114.4,112.0,23.8,75.7,6549,0.596,1
M00160,4,2026-04-01,58,0,114.0,127.3,29.5,65.7,5461,0.738,1
M00160,5,2026-05-03,58,0,129.2,147.9,24.1,81.5,6344,0.762,1
M00160,6,2026-06-02,58,0,110.7,128.5,27.7,65.6,5982,0.694,1
M00161,1,2025-12-30,74,1,129.1,118.0,30.3,91.9,4316,0.823,1
M00161,2,2026-01-30,74,1,148.6,114.4,30.8,75.6,4077,0.854,1
M00161,3,2026-03-04,74,1,153.2,139.7,29.0,79.1,5223,0.877,1
M00161,4,2026-04-02,74,1,111.0,131.8,30.3,74.3,5278,0.767,1
M00161,5,2026-04-29,74,1,131.0,141.2,27.8,88.1,5765,0.822,1
M00161,6,2026-06-03,74,1,124.2,148.0,28.3,88.6,3135,0.838,1
M00162,1,2025-12-30,38,1,109.2,112.0,26.5,75.8,5995,0.636,1
M00162,2,2026-02-01,38,1,110.8,118.3,25.7,72.1,6625,0.631,1
M00162,3,2026-03-01,38,1,112.3,122.4,24.1,78.9,7293,0.621,1
M00162,4,2026-04-04,38,1,118.1,159.9,28.1,76.6,4722,0.817,1
M00162,5,2026-04-29,38,1,117.8,141.8,26.6,84.7,6543,0.755,1
M00162,6,2026-05-30,38,1,111.0,130.8,32.6,78.5,6695,0.796,1
M00163,1,2025-12-30,28,1,119.3,109.0,22.7,82.7,6692,0.596,1
M00163,2,2026-01-29,28,1,105.4,121.4,24.7,66.6,5516,0.595,1
M00163,3,2026-02-27,28,1,102.4,102.5,25.0,71.0,6626,0.532,1
M00163,4,2026-04-01,28,1,102.3,127.2,25.2,71.1,5887,0.615,1
M00163,5,2026-05-04,28,1,94.6,141.7,24.0,72.9,6439,0.597,1
M00163,6,2026-05-29,28,1,118.7,127.1,27.6,74.4,7197,0.722,1
M00164,1,2026-01-03,55,0,114.0,141.8,28.0,72.4,4732,0.762,1
M00164,2,2026-01-30,55,0,132.2,139.2,23.2,78.2,3678,0.754,1
M00164,3,2026-03-05,55,0,144.0,129.9,27.3,65.5,4146,0.813,1
M00164,4,2026-03-30,55,0,134.2,120.2,30.8,79.2,6031,0.82,1
M00164,5,2026-05-04,55,0,135.4,116.1,28.4,73.4,5801,0.775,1
M00164,6,2026-05-28,55,0,142.2,143.4,26.7,75.1,5567,0.826,1
M00165,1,2026-01-02,47,0,114.0,140.2,21.7,83.3,5353,0.656,1
M00165,2,2026-02-02,47,0,104.9,128.2,29.0,82.4,6678,0.717,1
M00165,3,2026-02-28,47,0,127.1,123.9,29.8,67.4,5719,0.78,1
M00165,4,2026-04-03,47,0,112.1,124.5,25.8,72.1,5234,0.668,1
M00165,5,2026-04-28,47,0,118.9,115.4,24.3,79.7,6222,0.645,1
M00165,6,2026-05-30,47,0,145.1,129.4,24.0,82.5,6416,0.774,1
M00166,1,2026-01-04,65,1,114.4,136.3,24.2,75.0,9157,0.647,1
M00166,2,2026-02-02,65,1,111.6,130.1,19.4,55.3,6996,0.494,0
M00166,3,2026-03-01,65,1,104.9,103.5,23.9,66.9,6570,0.513,1
M00166,4,2026-04-04,65,1,98.3,110.8,24.9,78.0,7153,0.544,1
M00166,5,2026-04-29,65,1,115.9,124.9,23.5,61.3,6567,0.605,1
M00166,6,2026-06-01,65,1,117.7,129.6,23.1,66.9,7593,0.618,1
M00167,1,2025-12-31,65,0,113.6,111.7,24.4,66.4,6982,0.583,1
M00167,2,2026-02-03,65,0,78.7,111.0,23.6,64.2,5856,0.414,0
M00167,3,2026-03-05,65,0,116.9,107.8,25.2,84.0,7623,0.63,1
M00167,4,2026-04-01,65,0,127.4,113.7,23.7,79.2,7037,0.656,1
M00167,5,2026-05-04,65,0,91.7,117.2,22.0,75.4,8030,0.455,0
M00167,6,2026-05-30,65,0,122.7,120.6,24.2,56.8,7236,0.623,1
M00168,1,2025-12-30,55,0,124.5,119.3,22.5,64.9,5797,0.618,1
M00168,2,2026-01-28,55,0,107.8,136.1,27.7,57.3,3917,0.705,1
M00168,3,2026-03-02,55,0,131.3,123.8,26.3,83.9,6609,0.755,1
M00168,4,2026-04-03,55,0,131.9,124.5,26.5,79.7,7372,0.749,1
M00168,5,2026-05-01,55,0,128.1,143.1,31.9,75.0,6103,0.852,1
M00168,6,2026-05-28,55,0,134.8,129.4,28.7,69.9,5723,0.802,1
M00169,1,2026-01-02,61,0,133.0,137.9,28.3,82.9,6518,0.817,1
M00169,2,2026-01-31,61,0,128.3,107.3,29.2,80.8,6799,0.75,1
M00169,3,2026-02-27,61,0,109.8,116.5,27.6,70.6,6451,0.661,1
M00169,4,2026-04-03,61,0,126.9,122.7,27.8,63.3,5091,0.744,1
M00169,5,2026-04-29,61,0,127.6,138.3,31.7,65.1,6400,0.828,1
M00169,6,2026-05-30,61,0,125.8,128.9,27.1,85.3,5462,0.771,1
M00170,1,2026-01-04,61,0,101.7,119.2,26.2,57.6,8402,0.56,1
M00170,2,2026-01-30,61,0,88.2,103.2,27.3,66.1,8796,0.489,0
M00170,3,2026-03-03,61,0,104.6,104.6,21.9,57.1,6927,0.448,0
M00170,4,2026-04-04,61,0,100.6,103.6,22.4,71.1,7196,0.462,0
M00170,5,2026-04-30,61,0,109.2,120.5,23.7,68.2,9109,0.556,1
M00170,6,2026-05-31,61,0,107.4,125.5,24.8,66.1,7429,0.6,1
M00171,1,2026-01-02,33,1,115.9,123.1,27.6,87.7,7621,0.72,1
M00171,2,2026-02-02,33,1,118.4,128.8,26.6,72.2,7964,0.696,1
M00171,3,2026-03-02,33,1,118.1,110.6,28.0,74.2,6032,0.695,1
M00171,4,2026-03-31,33,1,130.4,123.0,25.6,69.2,6516,0.715,1
M00171,5,2026-05-01,33,1,103.3,132.7,28.3,74.2,4734,0.711,1
M00171,6,2026-05-31,33,1,138.1,113.8,28.4,70.5,5819,0.775,1
M00172,1,2026-01-01,44,1,99.2,121.4,23.1,74.1,7653,0.527,1
M00172,2,2026-02-01,44,1,116.6,111.9,17.9,68.3,6412,0.462,0
M00172,3,2026-02-27,44,1,114.1,126.6,25.3,63.9,5963,0.65,1
M00172,4,2026-04-04,44,1,113.8,110.4,25.2,81.3,6796,0.628,1
M00172,5,2026-05-01,44,1,90.2,123.8,23.6,72.5,6498,0.513,1
M00172,6,2026-06-03,44,1,106.2,131.3,30.0,67.1,7051,0.719,1
M00173,1,2026-01-03,57,1,114.8,120.6,26.7,80.9,6146,0.694,1
M00173,2,2026-01-28,57,1,101.2,127.3,22.0,59.0,6373,0.512,1
M00173,3,2026-03-04,57,1,107.0,113.5,25.3,60.7,6485,0.573,1
M00173,4,2026-03-31,57,1,133.8,138.2,28.4,86.9,6346,0.827,1
M00173,5,2026-04-28,57,1,119.4,134.1,28.6,64.9,7085,0.744,1
M00173,6,2026-06-03,57,1,125.2,127.0,31.1,86.7,4512,0.831,1
M00174,1,2026-01-02,54,1,109.7,129.8,26.4,67.4,5628,0.673,1
M00174,2,2026-02-03,54,1,108.0,139.8,25.7,76.3,6867,0.684,1
M00174,3,2026-03-04,54,1,107.5,128.1,23.2,71.2,6597,0.59,1
M00174,4,2026-04-04,54,1,140.3,122.6,24.5,75.5,5668,0.746,1
M00174,5,2026-05-01,54,1,102.6,139.6,26.9,84.0,6525,0.701,1
M00174,6,2026-06-02,54,1,132.7,133.4,29.0,80.4,6465,0.815,1
M00175,1,2026-01-01,52,0,119.4,131.3,27.3,82.4,5830,0.753,1
M00175,2,2026-02-03,52,0,97.3,131.2,26.9,62.4,6737,0.617,1
M00175,3,2026-03-01,52,0,134.5,130.4,25.9,74.1,5497,0.768,1
M00175,4,2026-03-29,52,0,124.2,124.5,28.1,71.3,7194,0.738,1
M00175,5,2026-05-03,52,0,101.6,124.5,24.6,78.4,5833,0.607,1
M00175,6,2026-06-01,52,0,146.0,127.4,31.2,64.4,5609,0.853,1
M00176,1,2026-01-03,47,1,105.0,101.7,21.9,64.3,6804,0.456,0
M00176,2,2026-01-31,47,1,98.8,122.4,23.3,69.0,7124,0.528,1
M00176,3,2026-03-04,47,1,95.2,125.1,26.4,76.3,8444,0.59,1
M00176,4,2026-03-29,47,1,110.6,113.4,24.6,66.6,6137,0.586,1
M00176,5,2026-05-02,47,1,114.8,105.7,23.3,75.0,6703,0.565,1
M00176,6,2026-05-29,47,1,103.9,126.0,27.3,55.0,6698,0.625,1
M00177,1,2025-12-31,28,1,101.0,121.1,21.4,51.8,9501,0.434,0
M00177,2,2026-02-02,28,1,79.9,103.6,20.9,70.5,8440,0.329,0
M00177,3,2026-02-28,28,1,107.3,99.2,23.0,57.5,7293,0.464,0
M00177,4,2026-03-31,28,1,88.7,98.4,24.8,66.1,9367,0.416,0
M00177,5,2026-05-01,28,1,97.7,100.3,22.3,69.0,8131,0.425,0
M00177,6,2026-05-29,28,1,121.8,113.7,18.1,52.1,9104,0.436,0
M00178,1,2025-12-30,27,1,93.0,123.9,26.1,80.1,8104,0.582,1
M00178,2,2026-02-03,27,1,98.4,123.1,25.5,71.7,6152,0.592,1
M00178,3,2026-02-28,27,1,117.2,131.5,25.1,83.5,6937,0.698,1
M00178,4,2026-04-01,27,1,123.8,129.1,27.0,52.4,5409,0.712,1
M00178,5,2026-05-04,27,1,97.9,123.6,24.8,73.7,6326,0.578,1
M00178,6,2026-05-31,27,1,142.3,129.9,24.2,69.8,5893,0.754,1
M00179,1,2026-01-02,71,1,90.4,126.0,27.9,73.8,5516,0.628,1
M00179,2,2026-02-03,71,1,83.6,126.9,23.2,84.3,7626,0.496,0
M00179,3,2026-03-01,71,1,84.6,120.3,23.7,81.6,8566,0.477,0
M00179,4,2026-04-01,71,1,121.2,106.9,25.0,66.1,6478,0.618,1
M00179,5,2026-04-30,71,1,107.9,113.8,25.5,54.6,5969,0.574,1
M00179,6,2026-05-29,71,1,111.4,136.4,23.9,70.8,5094,0.658,1
M00180,1,2026-01-02,64,1,77.0,97.2,22.1,58.6,9765,0.293,0
M00180,2,2026-01-29,64,1,111.7,115.1,18.2,55.7,7832,0.416,0
M00180,3,2026-03-02,64,1,100.1,127.1,21.8,66.1,8845,0.492,0
M00180,4,2026-04-03,64,1,74.5,108.3,23.8,62.9,8881,0.361,0
M00180,5,2026-04-28,64,1,100.8,115.1,20.9,63.3,8046,0.44,0
M00180,6,2026-05-28,64,1,119.3,112.0,24.4,55.9,7122,0.586,1
M00181,1,2026-01-02,54,1,126.3,114.9,26.3,86.5,6478,0.722,1
M00181,2,2026-01-30,54,1,125.8,109.5,30.6,80.3,6432,0.772,1
M00181,3,2026-03-01,54,1,114.4,134.9,30.4,71.7,6132,0.776,1
M00181,4,2026-04-02,54,1,118.4,134.9,23.9,81.0,6360,0.689,1
M00181,5,2026-05-01,54,1,115.3,110.3,24.8,64.8,5743,0.603,1
M00181,6,2026-06-02,54,1,137.9,133.2,30.5,76.0,5761,0.846,1
M00182,1,2026-01-01,72,0,71.3,99.5,22.9,63.4,7342,0.321,0
M00182,2,2026-01-31,72,0,86.0,113.1,23.2,60.0,9237,0.401,0
M00182,3,2026-02-27,72,0,87.2,120.4,21.2,67.1,7240,0.417,0
M00182,4,2026-03-30,72,0,85.3,109.2,28.2,58.0,8079,0.507,1
M00182,5,2026-05-04,72,0,107.2,118.5,24.0,63.5,7531,0.555,1
M00182,6,2026-05-29,72,0,98.5,108.2,25.0,82.5,6773,0.552,1
M00183,1,2025-12-30,45,1,112.6,120.4,27.7,79.8,4018,0.72,1
M00183,2,2026-01-31,45,1,113.7,132.3,27.1,77.8,5304,0.727,1
M00183,3,2026-02-27,45,1,129.8,144.5,28.4,74.7,5450,0.818,1
M00183,4,2026-04-04,45,1,138.8,124.7,32.6,73.2,5867,0.855,1
M00183,5,2026-04-29,45,1,137.5,142.9,32.9,74.0,3596,0.891,1
M00183,6,2026-06-01,45,1,142.5,138.9,28.6,70.1,4680,0.842,1
M00184,1,2025-12-31,45,0,109.2,109.7,24.4,70.8,6811,0.567,1
M00184,2,2026-01-30,45,0,115.0,130.0,29.4,84.6,6053,0.771,1
M00184,3,2026-03-03,45,0,110.2,128.5,29.0,75.2,5597,0.733,1
M00184,4,2026-03-31,45,0,109.9,119.7,26.5,63.4,4673,0.65,1
M00184,5,2026-05-03,45,0,144.3,114.9,26.0,68.8,5434,0.759,1
M00184,6,2026-05-30,45,0,151.5,131.3,25.5,91.4,5288,0.834,1
M00185,1,2026-01-01,73,1,104.4,95.2,23.7,85.3,8723,0.497,0
M00185,2,2026-01-29,73,1,100.4,109.2,25.8,69.1,6988,0.552,1
M00185,3,2026-03-05,73,1,122.2,125.8,26.8,68.4,8200,0.698,1
M00185,4,2026-03-30,73,1,138.8,112.6,26.7,72.5,8094,0.732,1
M00185,5,2026-05-03,73,1,105.3,111.4,25.9,57.8,6798,0.563,1
M00185,6,2026-05-28,73,1,108.6,144.4,28.1,71.3,6441,0.737,1
M00186,1,2025-12-31,52,0,111.3,104.7,29.5,84.2,6703,0.694,1
M00186,2,2026-02-02,52,0,110.0,134.1,27.6,55.6,7525,0.672,1
M00186,3,2026-03-02,52,0,128.2,124.0,24.8,84.4,5536,0.727,1
M00186,4,2026-03-30,52,0,93.7,119.4,29.3,84.5,4714,0.678,1
M00186,5,2026-05-02,52,0,148.1,121.7,26.2,82.6,4932,0.81,1
M00186,6,2026-05-28,52,0,151.1,128.2,25.7,71.3,5433,0.806,1
M00187,1,2026-01-01,71,0,100.5,114.1,26.9,66.5,6125,0.595,1
M00187,2,2026-01-30,71,0,113.6,115.6,28.6,72.4,5715,0.703,1
M00187,3,2026-03-03,71,0,113.7,103.1,27.0,81.9,5330,0.657,1
M00187,4,2026-04-04,71,0,107.7,133.5,25.2,74.7,7340,0.648,1
M00187,5,2026-05-02,71,0,120.4,112.3,25.6,75.8,6933,0.656,1
M00187,6,2026-05-30,71,0,110.8,117.9,28.0,49.9,4385,0.657,1
M00188,1,2026-01-02,68,0,119.1,110.3,21.4,64.5,6609,0.537,1
M00188,2,2026-02-01,68,0,95.2,134.0,24.3,62.7,8036,0.548,1
M00188,3,2026-03-04,68,0,111.6,111.3,23.6,68.8,7840,0.551,1
M00188,4,2026-04-04,68,0,98.5,105.2,21.1,62.7,6269,0.422,0
M00188,5,2026-04-28,68,0,128.9,114.2,20.1,58.6,8257,0.534,1
M00188,6,2026-05-29,68,0,114.3,109.4,25.5,56.7,6665,0.587,1
M00189,1,2026-01-03,72,0,90.1,119.3,23.7,73.9,8194,0.488,0
M00189,2,2026-01-30,72,0,102.5,105.5,26.6,66.1,6720,0.566,1
M00189,3,2026-03-03,72,0,108.0,104.7,19.6,73.3,7642,0.438,0
M00189,4,2026-04-01,72,0,96.7,117.8,22.3,61.5,6696,0.472,0
M00189,5,2026-05-03,72,0,118.4,95.6,24.5,78.0,8608,0.564,1
M00189,6,2026-05-29,72,0,105.8,121.2,24.2,75.9,5953,0.599,1
M00190,1,2026-01-04,72,0,105.4,106.7,23.0,71.2,7464,0.504,1
M00190,2,2026-01-31,72,0,118.5,135.5,26.8,71.4,7640,0.719,1
M00190,3,2026-02-28,72,0,106.3,126.4,25.4,73.5,7589,0.623,1
M00190,4,2026-04-03,72,0,113.0,117.5,25.2,61.2,6110,0.612,1
M00190,5,2026-05-04,72,0,116.1,128.9,27.8,74.6,5094,0.738,1
M00190,6,2026-05-28,72,0,138.4,136.6,26.1,70.4,3400,0.802,1
M00191,1,2025-12-29,30,1,111.0,138.6,26.6,86.8,4411,0.746,1
M00191,2,2026-02-02,30,1,115.7,138.0,23.1,71.2,6672,0.65,1
M00191,3,2026-03-04,30,1,122.2,123.2,27.4,72.7,5694,0.731,1
M00191,4,2026-03-30,30,1,99.5,133.9,29.1,62.4,4013,0.703,1
M00191,5,2026-05-02,30,1,156.5,128.4,31.7,86.1,5054,0.9,1
M00191,6,2026-05-31,30,1,118.1,149.2,30.6,73.9,7335,0.812,1
M00192,1,2026-01-04,64,0,102.3,110.3,26.0,71.8,8444,0.56,1
M00192,2,2026-01-30,64,0,115.0,125.5,25.1,71.4,6172,0.659,1
M00192,3,2026-03-02,64,0,111.0,133.8,22.0,66.9,6178,0.591,1
M00192,4,2026-04-02,64,0,109.2,118.3,25.8,87.3,5771,0.662,1
M00192,5,2026-04-30,64,0,139.4,120.3,24.8,78.7,7625,0.732,1
M00192,6,2026-05-29,64,0,132.7,132.8,22.6,77.7,7686,0.696,1
M00193,1,2026-01-03,26,1,123.8,111.1,23.1,80.4,5358,0.638,1
M00193,2,2026-01-28,26,1,110.5,119.3,24.5,74.3,5844,0.62,1
M00193,3,2026-03-03,26,1,106.3,128.0,23.3,64.2,6813,0.571,1
M00193,4,2026-04-02,26,1,97.2,119.3,25.7,66.5,6746,0.565,1
M00193,5,2026-05-03,26,1,114.4,139.8,28.0,79.9,8214,0.744,1
M00193,6,2026-06-01,26,1,129.2,122.6,25.4,77.7,6692,0.718,1
M00194,1,2025-12-30,29,0,99.0,118.9,23.3,67.9,7041,0.517,1
M00194,2,2026-02-01,29,0,73.8,90.0,22.4,60.5,8444,0.282,0
M00194,3,2026-02-28,29,0,103.0,102.3,22.9,61.3,7369,0.459,0
M00194,4,2026-03-31,29,0,78.1,104.0,22.5,66.4,8388,0.348,0
M00194,5,2026-05-02,29,0,83.2,114.9,21.7,55.7,8345,0.363,0
M00194,6,2026-06-02,29,0,112.6,110.1,25.4,61.7,7044,0.586,1
M00195,1,2026-01-04,50,0,102.1,125.6,25.2,83.0,6426,0.628,1
M00195,2,2026-01-30,50,0,107.0,120.2,25.9,76.8,6637,0.634,1
M00195,3,2026-03-05,50,0,106.6,118.0,29.4,73.5,5665,0.699,1
M00195,4,2026-04-01,50,0,137.1,115.1,27.3,66.9,5037,0.758,1
M00195,5,2026-05-02,50,0,118.6,124.4,28.2,87.6,6805,0.749,1
M00195,6,2026-05-28,50,0,126.0,124.8,24.2,80.0,5690,0.702,1
M00196,1,2025-12-30,46,0,106.2,112.5,24.8,82.9,7161,0.591,1
M00196,2,2026-01-31,46,0,115.6,134.6,26.9,66.0,5754,0.713,1
M00196,3,2026-03-01,46,0,103.2,112.8,25.2,93.6,6514,0.614,1
M00196,4,2026-03-30,46,0,110.0,106.0,23.9,70.0,6236,0.552,1
M00196,5,2026-05-01,46,0,130.3,122.4,26.9,70.6,7129,0.733,1
M00196,6,2026-05-30,46,0,140.7,127.0,27.3,83.4,4757,0.816,1
M00197,1,2026-01-03,51,0,115.3,104.5,26.8,73.8,5184,0.651,1
M00197,2,2026-02-03,51,0,109.1,117.0,25.6,81.8,7407,0.63,1
M00197,3,2026-02-27,51,0,113.4,132.1,23.7,66.4,5767,0.636,1
M00197,4,2026-04-02,51,0,94.6,135.8,26.9,81.6,6722,0.654,1
M00197,5,2026-05-01,51,0,115.9,122.3,27.5,58.2,6396,0.677,1
M00197,6,2026-05-31,51,0,114.7,130.8,27.8,73.9,5983,0.729,1
M00198,1,2025-12-31,50,1,91.3,120.9,23.8,65.5,6752,0.497,0
M00198,2,2026-02-03,50,1,109.3,120.3,21.7,72.0,6208,0.547,1
M00198,3,2026-02-27,50,1,111.4,118.0,22.1,64.2,7398,0.532,1
M00198,4,2026-03-31,50,1,108.3,108.6,24.6,73.3,6357,0.574,1
M00198,5,2026-04-29,50,1,113.6,127.9,20.6,69.7,6672,0.555,1
M00198,6,2026-06-01,50,1,107.9,123.7,27.0,69.9,6974,0.655,1
M00199,1,2026-01-01,65,0,96.0,121.1,21.5,67.4,6245,0.476,0
M00199,2,2026-01-29,65,0,103.1,109.1,25.2,58.0,8693,0.512,1
M00199,3,2026-03-05,65,0,116.1,119.0,19.6,59.6,7931,0.485,0
M00199,4,2026-04-02,65,0,110.2,115.8,22.8,52.2,5875,0.527,1
M00199,5,2026-05-02,65,0,109.0,118.0,26.0,88.4,7302,0.654,1
M00199,6,2026-05-30,65,0,98.9,112.1,24.5,77.6,7274,0.539,1
M00200,1,2026-01-02,60,1,111.7,124.5,26.6,70.3,7317,0.662,1
M00200,2,2026-02-02,60,1,107.9,123.8,27.0,69.9,6801,0.656,1
M00200,3,2026-03-01,60,1,112.2,144.5,27.9,72.3,6547,0.747,1
M00200,4,2026-04-02,60,1,111.0,103.0,24.4,81.7,6659,0.578,1
M00200,5,2026-05-01,60,1,121.2,121.8,22.3,94.5,5134,0.668,1
M00200,6,2026-05-30,60,1,100.7,143.9,26.0,71.9,6548,0.667,1
M00201,1,2026-01-04,57,1,114.5,135.6,23.7,77.0,5431,0.673,1
M00201,2,2026-02-03,57,1,108.0,123.2,25.0,71.5,7573,0.61,1
M00201,3,2026-03-02,57,1,128.6,104.8,25.4,69.1,5279,0.669,1
M00201,4,2026-04-01,57,1,124.3,112.7,25.4,92.7,5494,0.71,1
M00201,5,2026-05-04,57,1,136.3,124.0,25.7,60.1,6444,0.726,1
M00201,6,2026-06-03,57,1,92.7,132.0,30.8,69.1,5572,0.701,1
M00202,1,2025-12-30,38,1,95.9,108.2,23.2,60.3,7558,0.448,0
M00202,2,2026-01-29,38,1,89.2,118.0,26.0,75.8,6234,0.554,1
M00202,3,2026-03-05,38,1,82.2,111.9,21.8,71.4,6870,0.397,0
M00202,4,2026-04-03,38,1,119.6,100.6,28.3,77.4,7017,0.678,1
M00202,5,2026-05-03,38,1,98.0,116.3,22.2,67.6,7521,0.476,0
M00202,6,2026-06-02,38,1,91.9,112.8,23.3,74.4,7240,0.478,0
M00203,1,2026-01-01,36,0,103.6,107.9,23.4,64.2,6897,0.501,1
M00203,2,2026-01-31,36,0,94.8,128.8,24.0,82.5,8207,0.56,1
M00203,3,2026-03-03,36,0,109.4,131.0,23.5,71.4,8796,0.593,1
M00203,4,2026-04-04,36,0,98.0,97.1,22.2,72.2,7145,0.429,0
M00203,5,2026-04-29,36,0,112.0,116.1,25.0,73.7,5985,0.625,1
M00203,6,2026-05-30,36,0,101.9,140.8,25.5,81.0,8565,0.65,1
M00204,1,2025-12-30,64,1,123.3,117.0,24.9,68.4,7461,0.649,1
M00204,2,2026-01-29,64,1,96.1,118.9,22.0,56.3,7901,0.442,0
M00204,3,2026-03-02,64,1,99.5,111.0,26.4,69.3,6042,0.577,1
M00204,4,2026-03-31,64,1,98.5,128.0,24.3,74.4,5441,0.592,1
M00204,5,2026-04-29,64,1,118.8,106.1,23.0,68.1,7026,0.561,1
M00204,6,2026-05-28,64,1,109.4,106.5,27.7,75.2,7005,0.637,1
M00205,1,2026-01-03,70,1,119.3,127.5,21.2,69.3,7081,0.589,1
M00205,2,2026-02-01,70,1,109.4,123.4,27.9,73.2,6220,0.69,1
M00205,3,2026-03-03,70,1,102.5,115.7,26.3,82.4,8263,0.606,1
M00205,4,2026-04-02,70,1,119.3,123.1,25.8,65.8,6526,0.67,1
M00205,5,2026-04-29,70,1,125.0,117.2,27.6,62.4,6472,0.707,1
M00205,6,2026-05-29,70,1,131.5,136.0,28.4,63.1,7290,0.78,1
M00206,1,2026-01-02,61,1,76.3,106.2,25.6,71.9,7027,0.436,0
M00206,2,2026-02-01,61,1,99.5,108.3,25.2,66.1,7272,0.525,1
M00206,3,2026-03-02,61,1,100.0,130.8,23.5,80.5,8216,0.574,1
M00206,4,2026-04-03,61,1,113.7,116.0,23.6,63.2,7135,0.572,1
M00206,5,2026-04-28,61,1,94.9,138.2,27.4,74.8,6974,0.657,1
M00206,6,2026-06-03,61,1,107.6,111.8,25.8,74.6,6258,0.61,1
M00207,1,2026-01-04,67,0,121.0,124.1,22.5,84.3,6900,0.645,1
M00207,2,2026-01-28,67,0,111.3,128.7,25.8,79.7,7030,0.674,1
M00207,3,2026-03-05,67,0,123.5,116.7,20.8,75.1,7013,0.577,1
M00207,4,2026-03-30,67,0,131.1,118.8,27.8,75.9,5714,0.762,1
M00207,5,2026-05-04,67,0,138.2,142.0,24.1,76.3,5773,0.775,1
M00207,6,2026-06-01,67,0,113.4,128.9,27.7,70.0,5547,0.714,1
M00208,1,2025-12-29,72,1,110.4,122.4,28.6,79.8,6498,0.713,1
M00208,2,2026-01-30,72,1,135.5,130.7,23.3,69.7,5544,0.718,1
M00208,3,2026-03-01,72,1,123.5,138.3,24.6,78.5,5804,0.73,1
M00208,4,2026-03-30,72,1,101.3,130.4,29.2,81.4,5950,0.716,1
M00208,5,2026-05-03,72,1,109.1,119.1,29.1,63.9,6202,0.685,1
M00208,6,2026-06-03,72,1,163.6,122.2,28.7,74.7,6973,0.859,1
M00209,1,2025-12-31,43,0,128.2,122.5,24.2,68.4,6310,0.679,1
M00209,2,2026-02-02,43,0,113.0,111.8,28.2,68.2,6389,0.67,1
M00209,3,2026-03-02,43,0,111.4,112.9,26.0,75.5,4057,0.655,1
M00209,4,2026-03-29,43,0,116.9,127.6,25.8,70.3,7062,0.677,1
M00209,5,2026-04-29,43,0,119.6,108.8,28.3,61.0,5990,0.679,1
M00209,6,2026-05-29,43,0,109.9,113.3,25.3,67.7,5334,0.608,1
M00210,1,2025-12-29,66,0,104.4,115.9,26.6,56.0,7745,0.576,1
M00210,2,2026-02-02,66,0,107.0,114.9,27.0,85.9,7671,0.649,1
M00210,3,2026-03-04,66,0,90.0,110.7,22.4,84.4,7070,0.465,0
M00210,4,2026-04-03,66,0,100.6,117.6,25.8,69.7,5854,0.59,1
M00210,5,2026-04-29,66,0,132.3,127.3,27.4,76.9,5829,0.779,1
M00210,6,2026-05-31,66,0,120.6,124.2,28.7,78.3,6681,0.751,1
M00211,1,2025-12-29,30,0,105.3,144.3,24.7,70.2,6215,0.659,1
M00211,2,2026-01-29,30,0,125.0,110.4,21.0,75.4,8352,0.557,1
M00211,3,2026-03-03,30,0,117.4,121.2,22.1,80.3,6604,0.608,1
M00211,4,2026-04-01,30,0,150.3,113.7,28.3,84.6,5194,0.83,1
M00211,5,2026-05-04,30,0,106.6,134.5,29.2,63.8,6742,0.712,1
M00211,6,2026-05-28,30,0,145.1,120.4,29.8,53.9,7024,0.8,1
M00212,1,2026-01-03,30,1,136.7,128.3,28.9,71.7,5795,0.808,1
M00212,2,2026-01-30,30,1,119.7,130.4,27.0,73.6,4328,0.743,1
M00212,3,2026-03-03,30,1,91.4,149.7,26.3,79.1,5932,0.669,1
M00212,4,2026-04-04,30,1,128.5,125.8,26.4,62.4,4335,0.735,1
M00212,5,2026-05-02,30,1,127.4,129.8,30.6,81.6,6089,0.819,1
M00212,6,2026-05-28,30,1,139.0,144.9,26.2,65.8,5491,0.803,1
M00213,1,2026-01-04,63,0,119.3,113.8,19.1,66.9,7554,0.492,0
M00213,2,2026-01-31,63,0,82.3,108.9,24.3,75.5,8769,0.433,0
M00213,3,2026-03-03,63,0,93.8,111.0,25.3,72.0,5675,0.537,1
M00213,4,2026-03-31,63,0,104.3,107.2,22.1,67.4,6886,0.479,0
M00213,5,2026-05-03,63,0,86.8,124.2,20.0,61.3,7520,0.388,0
M00213,6,2026-05-31,63,0,107.2,118.2,23.0,62.9,7100,0.534,1
M00214,1,2025-12-29,29,1,108.7,116.1,22.5,73.9,8830,0.529,1
M00214,2,2026-02-01,29,1,103.1,111.3,23.7,56.6,8292,0.486,0
M00214,3,2026-02-27,29,1,105.7,117.0,21.8,60.1,6542,0.496,0
M00214,4,2026-03-29,29,1,82.9,117.5,22.7,72.3,6800,0.439,0
M00214,5,2026-05-04,29,1,89.9,128.6,23.2,71.0,5569,0.523,1
M00214,6,2026-06-01,29,1,97.0,117.5,20.4,73.9,6108,0.46,0
M00215,1,2025-12-29,71,0,91.9,113.6,22.8,67.9,7966,0.448,0
M00215,2,2026-01-28,71,0,95.9,92.6,22.6,57.7,6604,0.394,0
M00215,3,2026-03-03,71,0,94.0,125.8,23.9,59.3,8163,0.499,0
M00215,4,2026-04-04,71,0,95.1,115.8,22.0,62.0,9312,0.427,0
M00215,5,2026-05-04,71,0,87.2,123.6,23.9,70.8,8908,0.478,0
M00215,6,2026-06-02,71,0,105.5,119.1,22.5,57.6,7299,0.506,1
M00216,1,2025-12-31,39,0,123.2,112.4,28.0,87.7,6453,0.737,1
M00216,2,2026-01-30,39,0,137.1,132.5,27.5,69.9,4849,0.802,1
M00216,3,2026-03-04,39,0,113.4,102.8,26.8,76.5,5942,0.637,1
M00216,4,2026-04-01,39,0,112.6,117.6,28.8,84.6,6361,0.722,1
M00216,5,2026-04-28,39,0,151.1,142.0,23.8,78.5,4593,0.819,1
M00216,6,2026-06-01,39,0,133.8,154.7,28.1,84.3,4915,0.854,1
M00217,1,2026-01-02,69,0,68.9,96.7,20.5,65.2,8741,0.253,0
M00217,2,2026-01-30,69,0,87.9,90.0,21.7,53.1,7657,0.318,0
M00217,3,2026-03-02,69,0,86.6,90.4,20.7,60.1,7115,0.311,0
M00217,4,2026-04-03,69,0,100.2,93.8,25.1,60.6,9302,0.451,0
M00217,5,2026-05-02,69,0,93.3,128.0,22.9,64.2,9857,0.473,0
M00217,6,2026-05-28,69,0,118.0,90.0,25.4,60.9,7927,0.539,1
M00218,1,2025-12-29,31,1,103.6,117.5,19.5,66.0,8976,0.425,0
M00218,2,2026-01-30,31,1,87.1,120.6,22.4,60.9,8402,0.421,0
M00218,3,2026-03-02,31,1,90.7,118.4,23.2,62.0,8263,0.452,0
M00218,4,2026-04-04,31,1,105.5,108.8,25.7,61.5,9084,0.535,1
M00218,5,2026-05-02,31,1,107.0,94.5,27.7,69.2,8507,0.566,1
M00218,6,2026-06-01,31,1,90.2,124.3,22.4,67.3,6961,0.473,0
M00219,1,2025-12-30,28,1,94.4,96.9,22.7,61.4,7644,0.398,0
M00219,2,2026-02-02,28,1,85.8,114.5,25.7,67.5,7081,0.496,0
M00219,3,2026-02-28,28,1,91.3,102.9,19.8,55.1,7096,0.336,0
M00219,4,2026-03-29,28,1,112.3,117.6,20.4,68.0,8156,0.497,0
M00219,5,2026-05-02,28,1,87.0,122.0,23.4,63.7,7404,0.463,0
M00219,6,2026-06-01,28,1,103.6,105.9,22.6,63.6,6469,0.481,0
M00220,1,2026-01-03,56,1,120.9,102.8,21.0,80.7,6903,0.542,1
M00220,2,2026-01-30,56,1,79.9,121.0,23.2,74.5,8585,0.433,0
M00220,3,2026-03-03,56,1,107.1,121.2,28.2,62.2,6651,0.657,1
M00220,4,2026-04-02,56,1,82.7,101.4,24.5,64.5,5840,0.424,0
M00220,5,2026-05-02,56,1,106.8,111.3,20.8,71.9,7495,0.477,0
M00220,6,2026-06-03,56,1,116.6,114.5,26.3,86.8,6619,0.683,1
M00221,1,2026-01-02,75,1,116.5,109.4,24.1,82.2,5107,0.631,1
M00221,2,2026-01-30,75,1,128.5,141.8,26.1,76.0,6570,0.771,1
M00221,3,2026-03-05,75,1,132.8,143.7,25.4,62.3,4807,0.77,1
M00221,4,2026-04-03,75,1,109.9,134.8,23.4,84.7,7519,0.642,1
M00221,5,2026-04-28,75,1,128.5,105.1,28.9,88.9,4848,0.767,1
M00221,6,2026-05-28,75,1,118.8,118.2,26.0,62.7,5630,0.662,1
M00222,1,2025-12-30,42,0,92.0,127.1,24.4,72.7,8315,0.532,1
M00222,2,2026-02-02,42,0,89.8,138.4,24.5,76.8,7827,0.57,1
M00222,3,2026-03-05,42,0,129.0,130.7,25.1,72.0,6073,0.727,1
M00222,4,2026-04-03,42,0,111.9,123.4,24.4,64.9,6290,0.613,1
M00222,5,2026-05-02,42,0,114.7,121.4,25.5,76.2,6389,0.661,1
M00222,6,2026-05-31,42,0,104.4,127.0,26.1,66.3,5721,0.635,1
M00223,1,2025-12-31,48,0,111.3,125.8,26.1,78.7,6555,0.674,1
M00223,2,2026-01-31,48,0,119.6,117.1,26.4,71.8,7506,0.669,1
M00223,3,2026-03-01,48,0,122.1,132.1,25.4,72.6,5645,0.717,1
M00223,4,2026-03-29,48,0,116.5,122.9,25.4,64.9,6536,0.65,1
M00223,5,2026-05-04,48,0,109.2,119.8,26.7,68.9,6439,0.645,1
M00223,6,2026-06-03,48,0,129.7,118.3,24.3,79.2,5196,0.705,1
M00224,1,2026-01-02,64,1,70.5,112.3,19.9,76.7,7139,0.317,0
M00224,2,2026-01-28,64,1,106.4,90.9,23.8,59.7,7495,0.456,0
M00224,3,2026-03-02,64,1,108.2,110.0,23.7,63.4,6931,0.533,1
M00224,4,2026-03-29,64,1,95.2,118.3,23.5,68.2,7064,0.502,1
M00224,5,2026-05-04,64,1,108.4,130.2,20.1,74.1,7557,0.528,1
M00224,6,2026-05-28,64,1,113.2,132.6,23.0,69.9,7259,0.615,1
M00225,1,2025-12-29,75,0,78.0,103.0,26.9,84.0,6376,0.495,0
M00225,2,2026-01-31,75,0,98.6,128.1,28.0,83.5,7676,0.667,1
M00225,3,2026-03-01,75,0,102.5,124.3,25.9,70.7,5835,0.622,1
M00225,4,2026-04-01,75,0,111.2,118.6,24.7,82.6,5403,0.645,1
M00225,5,2026-05-02,75,0,118.7,131.2,25.7,58.2,6618,0.674,1
M00225,6,2026-06-02,75,0,104.2,112.3,24.6,89.7,7396,0.588,1
M00226,1,2026-01-03,46,0,125.3,118.4,29.4,85.9,5888,0.782,1
M00226,2,2026-02-01,46,0,106.2,120.2,25.6,74.3,7064,0.616,1
M00226,3,2026-02-27,46,0,115.0,125.2,29.0,68.5,5664,0.732,1
M00226,4,2026-04-03,46,0,120.2,120.9,27.7,79.7,6379,0.729,1
M00226,5,2026-05-02,46,0,122.4,137.1,26.4,86.1,4359,0.775,1
M00226,6,2026-05-29,46,0,120.9,131.1,29.7,72.1,6805,0.774,1
M00227,1,2026-01-03,30,0,98.8,106.0,23.6,85.4,7928,0.51,1
M00227,2,2026-02-01,30,0,112.1,110.8,20.7,64.5,5098,0.505,1
M00227,3,2026-02-28,30,0,81.7,114.7,23.8,69.8,7271,0.439,0
M00227,4,2026-03-31,30,0,133.3,115.3,26.2,58.0,7191,0.693,1
M00227,5,2026-05-03,30,0,105.9,122.2,27.8,74.3,6897,0.666,1
M00227,6,2026-06-02,30,0,116.6,118.5,29.4,68.6,4832,0.735,1
M00228,1,2026-01-04,64,1,115.7,144.5,26.1,70.4,6754,0.723,1
M00228,2,2026-01-28,64,1,82.0,138.2,21.7,70.9,7424,0.465,0
M00228,3,2026-03-02,64,1,130.1,110.5,26.7,86.4,5675,0.738,1
M00228,4,2026-04-01,64,1,119.0,129.6,26.9,74.3,5427,0.731,1
M00228,5,2026-04-29,64,1,126.0,139.6,26.3,82.9,6581,0.771,1
M00228,6,2026-06-02,64,1,131.0,140.9,26.3,71.9,7042,0.771,1
M00229,1,2025-12-29,45,1,100.3,112.6,23.5,68.4,7867,0.501,1
M00229,2,2026-02-03,45,1,89.9,120.0,25.2,65.2,8566,0.501,1
M00229,3,2026-03-04,45,1,88.4,103.6,24.1,75.6,8217,0.445,0
M00229,4,2026-04-03,45,1,98.4,113.4,22.6,62.4,8290,0.459,0
M00229,5,2026-05-04,45,1,103.0,123.6,22.2,72.9,9074,0.514,1
M00229,6,2026-06-03,45,1,138.6,114.2,27.5,74.7,8893,0.747,1
M00230,1,2025-12-31,65,1,113.2,125.6,28.6,80.4,6545,0.731,1
M00230,2,2026-01-29,65,1,110.3,111.6,29.7,78.7,6725,0.701,1
M00230,3,2026-03-01,65,1,128.7,122.2,27.2,82.1,8413,0.741,1
M00230,4,2026-04-02,65,1,117.9,124.2,28.3,76.0,3892,0.753,1
M00230,5,2026-04-29,65,1,150.7,124.1,29.7,68.0,5259,0.847,1
M00230,6,2026-06-02,65,1,142.8,121.1,25.7,75.7,5516,0.772,1
M00231,1,2026-01-02,72,0,88.8,105.0,21.3,64.5,8785,0.365,0
M00231,2,2026-01-30,72,0,100.9,90.0,19.5,63.9,7599,0.346,0
M00231,3,2026-03-04,72,0,82.7,107.6,23.1,59.5,8889,0.373,0
M00231,4,2026-04-01,72,0,106.3,127.5,22.0,47.4,9336,0.483,0
M00231,5,2026-04-28,72,0,113.2,126.2,19.5,80.6,7098,0.542,1
M00231,6,2026-05-29,72,0,107.9,112.5,20.3,60.9,7778,0.449,0
M00232,1,2026-01-02,64,1,95.3,113.1,25.4,60.8,6402,0.522,1
M00232,2,2026-02-03,64,1,116.6,130.8,27.8,78.1,5731,0.744,1
M00232,3,2026-03-04,64,1,128.5,126.9,24.5,72.4,6165,0.705,1
M00232,4,2026-03-30,64,1,90.0,125.8,26.4,75.0,7084,0.58,1
M00232,5,2026-04-30,64,1,96.5,130.9,26.5,74.8,5376,0.641,1
M00232,6,2026-06-03,64,1,108.9,120.6,26.6,70.7,6217,0.65,1
M00233,1,2025-12-29,28,0,121.2,123.5,27.8,69.9,4808,0.738,1
M00233,2,2026-02-02,28,0,110.5,116.4,29.9,79.6,6757,0.72,1
M00233,3,2026-03-03,28,0,105.1,133.0,27.1,67.0,5628,0.678,1
M00233,4,2026-03-29,28,0,99.5,144.8,27.2,86.2,5535,0.721,1
M00233,5,2026-04-28,28,0,139.1,128.5,27.8,61.6,5497,0.79,1
M00233,6,2026-05-31,28,0,131.7,141.2,30.4,69.3,7175,0.828,1
M00234,1,2026-01-04,45,0,109.0,115.2,28.1,86.3,6029,0.694,1
M00234,2,2026-01-28,45,0,117.7,152.6,27.3,86.1,4387,0.806,1
M00234,3,2026-03-05,45,0,150.0,116.3,28.3,80.2,6179,0.823,1
M00234,4,2026-04-04,45,0,146.5,132.8,27.3,70.9,5275,0.825,1
M00234,5,2026-05-04,45,0,158.8,148.3,28.2,89.9,6239,0.895,1
M00234,6,2026-06-02,45,0,114.5,125.0,32.4,68.1,6139,0.782,1
M00235,1,2026-01-01,49,1,125.4,121.7,25.7,69.0,6899,0.692,1
M00235,2,2026-01-28,49,1,88.6,123.0,23.5,66.1,8097,0.472,0
M00235,3,2026-02-28,49,1,108.0,115.6,25.4,48.0,7840,0.547,1
M00235,4,2026-04-04,49,1,100.7,136.7,21.9,70.3,7275,0.55,1
M00235,5,2026-04-30,49,1,109.6,140.2,29.4,74.2,7111,0.752,1
M00235,6,2026-06-02,49,1,101.6,128.9,26.9,66.1,7285,0.631,1
M00236,1,2026-01-03,72,1,83.8,111.5,22.6,56.7,7240,0.388,0
M00236,2,2026-02-01,72,1,98.5,105.8,23.3,62.4,7678,0.457,0
M00236,3,2026-03-04,72,1,135.9,113.7,24.1,70.9,7244,0.68,1
M00236,4,2026-04-01,72,1,101.7,127.3,23.2,71.5,7775,0.552,1
M00236,5,2026-04-28,72,1,91.1,133.8,24.4,61.3,7427,0.533,1
M00236,6,2026-05-29,72,1,111.8,141.9,23.6,64.8,6903,0.641,1
M00237,1,2026-01-01,57,1,111.1,121.5,24.0,57.8,5475,0.59,1
M00237,2,2026-01-28,57,1,98.6,124.7,24.2,69.4,8472,0.542,1
M00237,3,2026-02-28,57,1,126.0,107.3,28.3,70.7,6010,0.716,1
M00237,4,2026-03-30,57,1,116.7,137.5,24.5,73.3,4629,0.701,1
M00237,5,2026-05-03,57,1,128.0,121.1,26.8,71.6,5644,0.735,1
M00237,6,2026-05-29,57,1,135.4,156.6,27.1,69.7,3739,0.841,1
M00238,1,2026-01-01,63,1,105.0,129.6,25.2,72.4,7235,0.624,1
M00238,2,2026-01-30,63,1,103.3,102.8,22.9,61.9,6904,0.469,0
M00238,3,2026-03-04,63,1,113.0,110.7,22.3,75.0,5738,0.561,1
M00238,4,2026-04-02,63,1,101.3,122.1,26.3,75.1,5427,0.631,1
M00238,5,2026-05-02,63,1,136.6,117.4,23.0,68.1,6321,0.675,1
M00238,6,2026-05-30,63,1,120.3,133.4,26.2,87.4,5049,0.754,1
M00239,1,2026-01-04,64,1,105.3,97.4,20.9,77.8,6296,0.453,0
M00239,2,2026-01-30,64,1,104.9,97.3,25.1,65.4,6774,0.518,1
M00239,3,2026-02-27,64,1,115.8,120.2,27.2,58.0,5763,0.67,1
M00239,4,2026-04-01,64,1,93.4,114.2,26.5,62.4,7275,0.536,1
M00239,5,2026-04-30,64,1,99.9,121.1,27.0,76.4,6136,0.633,1
M00239,6,2026-06-03,64,1,119.5,136.5,25.3,78.7,7119,0.713,1
M00240,1,2026-01-02,27,0,110.1,127.7,25.5,68.8,6536,0.645,1
M00240,2,2026-01-31,27,0,123.0,134.1,26.9,74.0,6530,0.745,1
M00240,3,2026-02-27,27,0,133.9,126.1,27.5,66.5,5397,0.771,1
M00240,4,2026-03-29,27,0,141.1,122.7,26.6,82.6,5728,0.792,1
M00240,5,2026-04-28,27,0,109.9,116.4,26.0,67.9,6029,0.628,1
M00240,6,2026-06-01,27,0,118.9,135.8,26.7,90.9,5289,0.767,1
M00241,1,2026-01-02,71,1,75.4,107.5,23.0,78.3,8363,0.379,0
M00241,2,2026-02-02,71,1,113.1,115.9,25.4,52.7,8298,0.574,1
M00241,3,2026-03-04,71,1,83.5,117.6,21.6,52.2,7920,0.368,0
M00241,4,2026-04-03,71,1,99.4,129.6,24.5,56.2,8865,0.536,1
M00241,5,2026-05-01,71,1,99.1,98.3,28.6,68.9,8584,0.56,1
M00241,6,2026-06-01,71,1,102.3,128.6,21.6,69.6,6772,0.528,1
M00242,1,2025-12-30,45,1,77.4,105.2,22.8,73.3,6504,0.384,0
M00242,2,2026-01-31,45,1,94.0,103.0,22.9,67.2,8887,0.418,0
M00242,3,2026-02-28,45,1,99.1,103.4,25.9,59.2,8653,0.495,0
M00242,4,2026-04-03,45,1,90.4,114.1,24.7,61.3,6834,0.484,0
M00242,5,2026-05-01,45,1,115.7,110.1,23.6,81.6,7738,0.592,1
M00242,6,2026-05-30,45,1,112.2,133.2,22.3,68.9,8922,0.578,1
M00243,1,2026-01-04,40,0,80.8,106.2,20.4,56.7,9901,0.293,0
M00243,2,2026-02-02,40,0,86.8,105.5,23.9,63.8,7589,0.423,0
M00243,3,2026-03-04,40,0,121.3,99.0,22.6,57.2,8194,0.508,1
M00243,4,2026-04-01,40,0,97.5,109.0,20.8,64.3,6262,0.426,0
M00243,5,2026-04-28,40,0,86.7,116.4,22.2,74.3,9119,0.423,0
M00243,6,2026-06-02,40,0,95.4,120.0,20.8,66.9,7567,0.44,0
M00244,1,2025-12-29,39,0,118.4,116.0,25.1,61.3,7622,0.616,1
M00244,2,2026-01-28,39,0,109.7,127.8,24.0,71.1,6064,0.622,1
M00244,3,2026-02-27,39,0,104.5,129.6,24.2,73.9,7404,0.601,1
M00244,4,2026-03-30,39,0,104.6,123.8,22.4,85.8,4985,0.593,1
M00244,5,2026-05-01,39,0,123.7,127.3,24.1,67.0,7195,0.662,1
M00244,6,2026-05-28,39,0,115.9,135.3,25.7,79.4,6789,0.709,1
M00245,1,2026-01-04,68,1,92.4,105.1,24.7,81.6,7506,0.5,1
M00245,2,2026-01-29,68,1,126.0,114.4,26.8,59.3,8326,0.667,1
M00245,3,2026-03-03,68,1,106.5,115.0,21.5,64.5,9181,0.47,0
M00245,4,2026-04-01,68,1,110.0,120.0,26.3,63.3,7722,0.618,1
M00245,5,2026-05-04,68,1,101.0,122.9,23.2,84.5,5282,0.586,1
M00245,6,2026-06-02,68,1,106.5,107.2,25.2,75.8,8038,0.564,1
M00246,1,2026-01-04,26,1,103.8,110.8,24.8,71.7,5939,0.566,1
M00246,2,2026-01-31,26,1,142.6,125.3,29.8,79.3,6586,0.835,1
M00246,3,2026-03-04,26,1,120.7,135.6,28.3,71.8,6296,0.763,1
M00246,4,2026-03-29,26,1,121.4,101.7,25.1,92.6,6267,0.659,1
M00246,5,2026-05-04,26,1,140.0,131.7,25.7,89.1,6945,0.794,1
M00246,6,2026-06-01,26,1,117.5,121.6,27.2,66.6,5641,0.696,1
M00247,1,2026-01-02,51,0,124.4,114.7,24.7,75.9,6684,0.663,1
M00247,2,2026-01-30,51,0,116.5,123.3,29.6,88.1,6017,0.77,1
M00247,3,2026-03-01,51,0,129.0,127.8,27.4,77.3,4546,0.778,1
M00247,4,2026-04-03,51,0,129.6,136.1,27.7,62.7,5715,0.775,1
M00247,5,2026-04-29,51,0,102.9,147.4,26.9,93.4,5913,0.741,1
M00247,6,2026-05-31,51,0,138.5,107.5,25.4,74.8,4658,0.726,1
M00248,1,2025-12-29,45,0,116.3,101.8,25.0,70.1,7845,0.578,1
M00248,2,2026-01-29,45,0,123.9,119.9,25.8,61.2,5697,0.68,1
M00248,3,2026-02-28,45,0,102.1,114.2,20.5,66.5,7408,0.448,0
M00248,4,2026-04-02,45,0,114.0,125.3,27.6,51.5,8299,0.651,1
M00248,5,2026-04-28,45,0,114.4,117.6,24.3,84.2,6042,0.643,1
M00248,6,2026-05-30,45,0,121.9,119.9,27.4,82.3,7409,0.722,1
M00249,1,2025-12-31,54,1,149.3,149.8,28.6,75.2,6309,0.871,1
M00249,2,2026-01-28,54,1,155.5,131.3,27.9,73.7,5469,0.853,1
M00249,3,2026-03-03,54,1,124.3,138.5,34.0,81.5,4479,0.874,1
M00249,4,2026-04-04,54,1,153.8,141.6,27.2,79.2,4498,0.866,1
M00249,5,2026-04-30,54,1,138.8,138.6,29.0,75.8,5299,0.84,1
M00249,6,2026-06-03,54,1,157.3,155.3,35.1,95.5,2823,0.953,1
M00250,1,2026-01-04,50,1,111.7,124.0,26.2,69.6,6788,0.655,1
M00250,2,2026-01-31,50,1,125.2,120.1,26.2,67.4,7264,0.689,1
M00250,3,2026-03-02,50,1,116.1,117.4,25.4,60.0,6106,0.628,1
M00250,4,2026-04-04,50,1,107.5,123.6,29.7,78.8,6744,0.722,1
M00250,5,2026-04-28,50,1,127.4,131.1,26.1,61.6,6059,0.725,1
M00250,6,2026-06-01,50,1,119.6,124.5,26.2,74.1,6076,0.702,1
M00251,1,2026-01-02,64,1,125.0,126.9,25.6,83.8,5214,0.739,1
M00251,2,2026-01-29,64,1,121.1,120.6,24.2,73.7,6432,0.654,1
M00251,3,2026-03-05,64,1,118.4,128.1,27.0,77.1,4950,0.735,1
M00251,4,2026-04-01,64,1,115.4,127.8,28.2,78.1,5404,0.742,1
M00251,5,2026-05-03,64,1,117.7,123.0,24.3,77.0,5415,0.664,1
M00251,6,2026-05-31,64,1,117.8,129.8,26.8,70.1,5567,0.717,1
M00252,1,2026-01-02,26,1,123.0,112.4,25.2,62.4,7603,0.628,1
M00252,2,2026-01-29,26,1,120.4,113.2,29.6,65.3,8016,0.71,1
M00252,3,2026-02-27,26,1,131.8,119.6,25.0,72.8,9862,0.677,1
M00252,4,2026-03-30,26,1,107.3,122.0,24.3,71.3,6245,0.6,1
M00252,5,2026-05-01,26,1,123.8,112.8,28.0,92.2,7405,0.74,1
M00252,6,2026-06-02,26,1,141.3,131.8,25.7,66.2,6509,0.769,1
M00253,1,2026-01-03,27,0,92.0,129.1,22.3,66.7,7477,0.488,0
M00253,2,2026-01-31,27,0,97.8,101.7,23.9,77.7,8858,0.475,0
M00253,3,2026-03-02,27,0,117.4,131.3,27.1,69.3,7694,0.706,1
M00253,4,2026-04-04,27,0,95.5,113.2,25.3,71.4,6650,0.54,1
M00253,5,2026-04-28,27,0,124.3,105.4,27.1,60.5,7590,0.651,1
M00253,6,2026-06-03,27,0,127.1,102.3,25.0,69.7,5887,0.643,1
M00254,1,2026-01-02,73,1,96.7,105.9,23.3,71.4,7762,0.467,0
M00254,2,2026-01-31,73,1,103.6,121.1,23.8,54.1,5770,0.542,1
M00254,3,2026-02-28,73,1,101.8,113.6,27.0,69.1,7450,0.594,1
M00254,4,2026-04-01,73,1,102.6,139.6,22.3,61.2,7603,0.553,1
M00254,5,2026-05-04,73,1,114.0,115.0,25.5,61.5,5543,0.622,1
M00254,6,2026-05-28,73,1,96.0,113.3,25.1,67.4,6802,0.528,1
M00255,1,2025-12-30,54,1,84.9,119.1,22.1,68.8,9218,0.408,0
M00255,2,2026-01-31,54,1,81.4,102.0,26.5,60.7,7145,0.443,0
M00255,3,2026-03-02,54,1,97.3,98.5,22.6,64.6,7128,0.425,0
M00255,4,2026-04-01,54,1,94.1,119.7,23.8,62.9,7458,0.494,0
M00255,5,2026-05-01,54,1,108.5,126.1,23.3,65.0,8120,0.564,1
M00255,6,2026-06-01,54,1,130.4,119.2,23.6,69.3,6117,0.671,1
M00256,1,2026-01-02,45,1,80.8,119.4,26.4,72.2,7679,0.509,1
M00256,2,2026-01-30,45,1,97.6,130.0,24.7,70.2,6229,0.587,1
M00256,3,2026-03-05,45,1,130.5,123.9,25.2,86.2,6528,0.737,1
M00256,4,2026-04-01,45,1,127.2,141.4,24.6,78.9,5085,0.755,1
M00256,5,2026-05-04,45,1,124.3,127.1,28.3,62.3,4782,0.752,1
M00256,6,2026-05-30,45,1,118.7,125.2,23.8,74.0,7077,0.644,1
M00257,1,2026-01-03,48,0,83.7,112.8,23.4,64.6,8294,0.414,0
M00257,2,2026-02-03,48,0,124.0,95.3,20.9,77.5,7847,0.516,1
M00257,3,2026-03-05,48,0,103.9,125.1,20.4,74.8,6409,0.512,1
M00257,4,2026-04-04,48,0,97.4,118.1,24.0,80.0,8224,0.535,1
M00257,5,2026-05-03,48,0,90.5,111.6,21.9,68.9,7587,0.422,0
M00257,6,2026-05-28,48,0,111.4,100.1,23.6,87.8,6948,0.563,1
M00258,1,2026-01-04,38,0,76.8,106.4,21.9,78.3,7010,0.371,0
M00258,2,2026-02-03,38,0,110.7,125.4,19.6,65.6,8471,0.486,0
M00258,3,2026-03-05,38,0,95.1,111.8,22.7,75.5,7715,0.474,0
M00258,4,2026-04-01,38,0,97.0,117.5,24.3,79.3,8220,0.538,1
M00258,5,2026-04-30,38,0,93.0,120.0,23.1,62.4,7160,0.476,0
M00258,6,2026-06-01,38,0,100.0,118.6,22.6,63.9,8101,0.485,0
M00259,1,2025-12-31,48,0,132.1,113.0,27.0,86.5,6126,0.752,1
M00259,2,2026-01-29,48,0,129.0,114.8,26.4,70.5,6193,0.709,1
M00259,3,2026-03-04,48,0,135.4,125.9,27.1,81.1,6711,0.781,1
M00259,4,2026-04-04,48,0,130.1,138.0,27.1,72.2,7269,0.772,1
M00259,5,2026-04-28,48,0,114.5,124.8,28.6,78.6,6197,0.734,1
M00259,6,2026-06-02,48,0,121.5,122.6,24.3,80.3,5549,0.683,1
M00260,1,2025-12-29,51,0,86.8,101.6,19.4,56.4,9206,0.291,0
M00260,2,2026-01-28,51,0,86.8,110.6,19.1,78.5,9257,0.346,0
M00260,3,2026-03-03,51,0,82.2,96.7,17.5,56.1,7413,0.243,0
M00260,4,2026-03-30,51,0,84.7,103.5,20.6,55.1,9675,0.305,0
M00260,5,2026-05-01,51,0,79.2,102.8,20.1,68.5,8812,0.302,0
M00260,6,2026-06-01,51,0,66.4,108.6,18.5,62.1,9915,0.225,0
M00261,1,2025-12-30,49,1,92.1,115.3,25.9,75.5,9138,0.527,1
M00261,2,2026-01-29,49,1,72.6,91.8,20.4,67.2,7250,0.267,0
M00261,3,2026-03-02,49,1,110.5,106.7,23.8,68.7,6075,0.555,1
M00261,4,2026-03-29,49,1,96.2,123.4,28.8,68.8,8921,0.621,1
M00261,5,2026-05-01,49,1,120.0,115.3,24.4,67.2,7268,0.62,1
M00261,6,2026-06-01,49,1,122.5,117.4,19.2,72.2,7416,0.531,1
M00262,1,2025-12-30,69,0,75.8,90.0,20.1,59.3,7589,0.254,0
M00262,2,2026-01-31,69,0,89.2,90.0,21.0,70.3,7179,0.343,0
M00262,3,2026-03-05,69,0,83.6,116.6,20.3,73.9,8597,0.373,0
M00262,4,2026-04-02,69,0,74.4,100.4,21.1,58.0,8579,0.282,0
M00262,5,2026-04-28,69,0,97.2,113.2,21.9,55.2,9132,0.415,0
M00262,6,2026-05-31,69,0,88.7,90.0,17.7,59.9,9125,0.246,0
M00263,1,2026-01-02,33,0,109.1,94.0,22.2,76.4,6809,0.483,0
M00263,2,2026-02-02,33,0,69.6,100.4,22.3,67.7,9340,0.296,0
M00263,3,2026-03-01,33,0,90.5,113.3,21.1,75.2,8853,0.41,0
M00263,4,2026-04-03,33,0,93.1,117.4,22.8,74.1,9372,0.463,0
M00263,5,2026-05-02,33,0,116.1,126.7,22.3,67.6,7421,0.589,1
M00263,6,2026-05-29,33,0,93.4,111.9,21.0,58.2,7965,0.391,0
M00264,1,2026-01-01,30,0,120.7,124.7,25.6,82.3,6568,0.705,1
M00264,2,2026-01-30,30,0,120.3,110.5,29.0,79.1,4948,0.738,1
M00264,3,2026-02-28,30,0,117.1,138.6,29.5,78.8,6274,0.786,1
M00264,4,2026-03-31,30,0,120.2,114.9,24.6,81.5,6247,0.658,1
M00264,5,2026-05-02,30,0,108.7,139.1,28.8,67.6,4585,0.746,1
M00264,6,2026-06-01,30,0,134.2,141.4,26.8,85.5,7999,0.8,1
M00265,1,2026-01-01,58,0,79.4,95.4,20.7,49.0,10879,0.249,0
M00265,2,2026-02-01,58,0,65.0,94.0,17.6,52.6,10160,0.167,0
M00265,3,2026-03-02,58,0,74.8,90.0,20.0,48.1,9074,0.223,0
M00265,4,2026-03-31,58,0,75.1,95.7,19.9,45.0,9769,0.224,0
M00265,5,2026-05-02,58,0,78.0,117.8,20.5,61.1,9306,0.328,0
M00265,6,2026-05-28,58,0,79.1,90.4,17.0,45.0,9022,0.188,0
M00266,1,2026-01-01,34,0,109.0,112.1,25.4,73.6,5434,0.613,1
M00266,2,2026-01-28,34,0,129.2,122.3,28.0,74.9,6461,0.761,1
M00266,3,2026-03-02,34,0,130.3,113.2,26.0,92.3,7764,0.725,1
M00266,4,2026-04-03,34,0,107.6,119.9,26.2,75.5,5165,0.654,1
M00266,5,2026-04-29,34,0,127.3,141.7,30.2,68.0,4747,0.826,1
M00266,6,2026-05-30,34,0,148.5,145.5,27.2,76.9,5849,0.852,1
M00267,1,2025-12-29,28,0,81.4,115.0,23.1,66.9,8704,0.405,0
M00267,2,2026-02-02,28,0,83.6,106.9,22.3,64.4,9287,0.364,0
M00267,3,2026-03-04,28,0,77.4,108.2,22.2,60.2,8109,0.343,0
M00267,4,2026-04-04,28,0,98.0,114.6,23.3,79.5,5904,0.535,1
M00267,5,2026-05-03,28,0,103.9,113.6,23.5,71.9,8112,0.524,1
M00267,6,2026-05-29,28,0,99.6,109.2,25.2,58.9,7372,0.511,1
M00268,1,2026-01-01,63,1,88.2,120.0,27.6,66.6,7649,0.56,1
M00268,2,2026-02-02,63,1,129.8,122.1,26.9,73.6,6031,0.745,1
M00268,3,2026-03-05,63,1,107.9,153.4,30.1,82.9,5247,0.809,1
M00268,4,2026-04-01,63,1,131.8,123.9,30.4,72.3,8007,0.794,1
M00268,5,2026-04-28,63,1,132.4,137.9,25.5,82.2,7025,0.77,1
M00268,6,2026-05-30,63,1,158.1,133.6,27.3,65.7,7003,0.839,1
M00269,1,2025-12-31,75,1,120.6,122.1,24.7,74.6,6912,0.665,1
M00269,2,2026-01-29,75,1,100.2,118.6,26.5,50.7,7643,0.552,1
M00269,3,2026-03-05,75,1,100.1,109.8,25.3,73.6,5812,0.562,1
M00269,4,2026-04-04,75,1,114.5,129.6,24.3,89.3,6452,0.682,1
M00269,5,2026-05-01,75,1,102.2,139.7,25.2,73.8,6711,0.647,1
M00269,6,2026-05-31,75,1,119.3,129.7,29.9,67.4,6149,0.767,1
M00270,1,2026-01-04,35,1,116.6,128.6,33.3,81.1,6053,0.824,1
M00270,2,2026-01-28,35,1,131.9,129.0,30.9,87.1,4676,0.848,1
M00270,3,2026-03-03,35,1,132.0,136.8,31.1,85.0,5034,0.857,1
M00270,4,2026-04-02,35,1,155.3,137.3,31.2,80.8,5205,0.899,1
M00270,5,2026-05-04,35,1,152.1,141.3,31.4,86.3,2672,0.912,1
M00270,6,2026-06-03,35,1,127.2,142.3,30.6,90.3,4258,0.858,1
M00271,1,2025-12-31,73,0,108.2,130.4,23.5,73.3,6964,0.607,1
M00271,2,2026-01-31,73,0,113.8,117.1,24.4,81.9,5603,0.642,1
M00271,3,2026-02-27,73,0,133.5,122.8,27.1,74.1,6156,0.762,1
M00271,4,2026-03-29,73,0,115.0,147.8,24.1,67.4,5281,0.698,1
M00271,5,2026-05-04,73,0,141.5,134.7,30.1,71.1,6984,0.841,1
M00271,6,2026-06-03,73,0,133.6,124.9,25.9,69.1,5461,0.744,1
M00272,1,2025-12-31,71,0,106.5,113.8,22.9,77.9,6810,0.548,1
M00272,2,2026-02-03,71,0,110.4,124.5,22.4,72.3,5428,0.589,1
M00272,3,2026-03-03,71,0,118.2,136.4,27.9,68.7,5655,0.749,1
M00272,4,2026-04-04,71,0,108.5,138.3,26.3,72.9,5768,0.698,1
M00272,5,2026-05-03,71,0,143.1,133.2,26.8,50.4,6489,0.774,1
M00272,6,2026-06-01,71,0,123.3,141.8,26.8,76.3,6125,0.769,1
M00273,1,2025-12-30,47,1,99.9,128.1,24.9,66.6,5690,0.595,1
M00273,2,2026-02-01,47,1,85.4,127.5,25.9,84.0,6504,0.576,1
M00273,3,2026-03-02,47,1,118.5,122.9,26.1,77.6,6615,0.694,1
M00273,4,2026-04-03,47,1,109.6,127.3,28.5,65.6,5838,0.702,1
M00273,5,2026-05-03,47,1,109.8,118.2,29.8,66.1,5972,0.704,1
M00273,6,2026-05-28,47,1,92.6,128.5,25.5,55.9,5109,0.56,1
M00274,1,2025-12-30,43,1,105.8,120.2,24.7,62.3,7695,0.565,1
M00274,2,2026-01-28,43,1,108.0,124.3,26.9,80.2,6647,0.675,1
M00274,3,2026-03-03,43,1,99.4,110.4,25.8,73.8,6374,0.568,1
M00274,4,2026-03-31,43,1,108.8,109.0,25.7,65.5,5196,0.597,1
M00274,5,2026-05-01,43,1,114.6,105.2,24.5,70.0,6106,0.585,1
M00274,6,2026-05-31,43,1,127.4,111.4,26.7,50.4,6256,0.666,1
M00275,1,2026-01-03,58,1,103.9,135.8,26.2,67.4,6827,0.651,1
M00275,2,2026-02-03,58,1,114.1,105.7,27.3,66.9,6112,0.639,1
M00275,3,2026-03-02,58,1,113.2,118.2,27.2,62.5,4644,0.672,1
M00275,4,2026-04-04,58,1,119.9,113.1,23.6,85.0,5504,0.645,1
M00275,5,2026-05-04,58,1,111.6,139.1,26.6,66.0,5730,0.705,1
M00275,6,2026-05-31,58,1,118.5,129.9,24.9,73.7,5813,0.687,1
M00276,1,2026-01-04,63,1,94.9,126.3,25.6,76.1,7021,0.587,1
M00276,2,2026-01-29,63,1,104.4,129.7,21.1,67.7,8508,0.509,1
M00276,3,2026-03-01,63,1,104.6,116.3,26.7,63.8,8700,0.586,1
M00276,4,2026-03-31,63,1,103.3,119.5,28.6,62.1,5284,0.657,1
M00276,5,2026-04-30,63,1,97.0,135.5,25.9,67.4,6715,0.617,1
M00276,6,2026-05-31,63,1,124.2,147.8,25.0,55.4,6084,0.722,1
M00277,1,2025-12-29,57,0,100.2,123.4,22.2,73.2,6307,0.529,1
M00277,2,2026-01-29,57,0,115.4,115.2,28.3,70.3,9129,0.67,1
M00277,3,2026-02-27,57,0,103.9,136.7,21.4,66.9,6562,0.552,1
M00277,4,2026-03-29,57,0,112.7,104.5,22.5,61.3,5817,0.516,1
M00277,5,2026-05-01,57,0,153.5,121.2,26.9,81.3,6997,0.819,1
M00277,6,2026-05-30,57,0,122.7,121.0,22.3,67.2,5522,0.619,1
M00278,1,2026-01-03,57,0,95.1,122.7,22.4,70.4,6673,0.499,0
M00278,2,2026-01-29,57,0,93.6,118.6,23.4,91.2,5973,0.55,1
M00278,3,2026-03-05,57,0,103.0,111.0,22.9,53.4,8211,0.462,0
M00278,4,2026-03-30,57,0,111.1,119.3,25.5,66.1,8829,0.598,1
M00278,5,2026-04-30,57,0,103.9,115.3,20.4,69.5,7739,0.458,0
M00278,6,2026-05-29,57,0,104.8,117.0,26.9,67.2,5644,0.628,1
M00279,1,2026-01-01,68,0,99.4,127.4,21.6,64.1,7747,0.491,0
M00279,2,2026-02-01,68,0,86.3,99.2,23.7,61.1,10072,0.369,0
M00279,3,2026-03-05,68,0,101.7,113.9,25.9,68.3,6268,0.58,1
M00279,4,2026-03-31,68,0,106.1,117.9,25.5,67.9,10691,0.558,1
M00279,5,2026-05-04,68,0,119.6,112.1,23.4,61.0,8277,0.566,1
M00279,6,2026-05-30,68,0,125.7,118.7,22.7,74.3,7806,0.624,1
M00280,1,2026-01-01,33,1,122.0,126.1,27.2,81.0,4924,0.752,1
M00280,2,2026-01-29,33,1,132.5,104.1,27.5,64.8,5719,0.71,1
M00280,3,2026-03-04,33,1,129.0,146.2,31.9,60.9,6695,0.841,1
M00280,4,2026-03-31,33,1,115.1,124.4,25.1,85.5,5369,0.687,1
M00280,5,2026-05-01,33,1,121.8,124.1,27.0,81.2,4079,0.749,1
M00280,6,2026-06-02,33,1,119.6,124.3,28.5,77.0,4824,0.755,1
M00281,1,2025-12-31,28,0,82.5,112.6,24.2,67.1,6120,0.451,0
M00281,2,2026-02-02,28,0,86.0,123.3,23.8,75.5,5845,0.51,1
M00281,3,2026-03-02,28,0,104.7,108.4,24.7,70.8,7417,0.545,1
M00281,4,2026-04-02,28,0,94.5,98.4,21.3,65.1,7787,0.379,0
M00281,5,2026-05-01,28,0,107.9,114.7,23.5,72.0,8577,0.541,1
M00281,6,2026-05-28,28,0,102.7,114.9,25.3,70.2,7712,0.564,1
M00282,1,2025-12-30,53,0,110.1,109.4,31.0,69.3,7600,0.697,1
M00282,2,2026-02-01,53,0,113.2,126.0,24.2,56.0,6205,0.605,1
M00282,3,2026-02-28,53,0,86.8,110.2,25.3,81.2,5767,0.52,1
M00282,4,2026-03-31,53,0,117.2,118.1,22.9,76.7,7068,0.603,1
M00282,5,2026-05-04,53,0,117.9,129.2,23.6,58.6,5798,0.63,1
M00282,6,2026-05-28,53,0,129.5,116.8,25.9,54.8,6274,0.679,1
M00283,1,2025-12-30,44,1,113.2,122.8,26.9,76.7,6271,0.69,1
M00283,2,2026-01-30,44,1,105.8,119.3,27.0,87.1,7393,0.662,1
M00283,3,2026-03-05,44,1,128.8,109.4,23.1,80.3,6100,0.647,1
M00283,4,2026-04-03,44,1,135.1,124.2,23.9,78.0,7602,0.709,1
M00283,5,2026-04-28,44,1,116.9,127.1,25.8,65.4,6955,0.668,1
M00283,6,2026-05-30,44,1,92.7,124.6,25.9,79.7,6879,0.589,1
M00284,1,2026-01-03,37,1,127.6,117.9,27.9,67.0,6163,0.734,1
M00284,2,2026-02-02,37,1,95.5,101.1,27.3,89.4,5667,0.593,1
M00284,3,2026-02-27,37,1,101.2,117.7,28.3,80.3,3937,0.683,1
M00284,4,2026-04-02,37,1,116.8,124.1,30.9,70.6,7450,0.758,1
M00284,5,2026-05-04,37,1,109.0,135.7,28.3,81.1,5982,0.74,1
M00284,6,2026-06-01,37,1,126.6,151.0,27.9,84.5,5831,0.825,1
M00285,1,2026-01-03,44,1,96.2,126.2,27.0,79.7,6469,0.635,1
M00285,2,2026-02-03,44,1,87.7,120.5,23.5,91.3,6266,0.531,1
M00285,3,2026-02-27,44,1,110.4,129.1,25.6,79.7,5149,0.685,1
M00285,4,2026-04-02,44,1,122.5,120.0,26.6,80.9,5094,0.728,1
M00285,5,2026-04-29,44,1,134.7,121.5,28.3,66.0,6946,0.764,1
M00285,6,2026-06-01,44,1,97.7,140.8,31.4,67.0,4861,0.754,1
M00286,1,2026-01-01,55,0,97.7,114.0,23.9,66.1,8753,0.489,0
M00286,2,2026-01-28,55,0,80.3,120.1,23.4,61.4,7432,0.421,0
M00286,3,2026-02-28,55,0,111.5,98.3,19.5,62.2,7672,0.409,0
M00286,4,2026-03-31,55,0,106.2,99.1,25.4,80.6,6825,0.565,1
M00286,5,2026-04-29,55,0,97.1,130.2,22.4,49.5,7991,0.476,0
M00286,6,2026-05-30,55,0,120.4,118.3,24.1,69.7,6928,0.63,1
M00287,1,2026-01-03,30,1,111.5,126.3,27.2,71.3,6166,0.689,1
M00287,2,2026-01-30,30,1,81.4,110.4,24.1,80.9,6260,0.464,0
M00287,3,2026-02-27,30,1,119.5,124.1,27.8,66.7,4928,0.727,1
M00287,4,2026-04-03,30,1,128.8,133.3,27.0,74.7,6757,0.764,1
M00287,5,2026-05-04,30,1,125.3,122.0,25.4,81.8,5590,0.719,1
M00287,6,2026-06-03,30,1,115.3,128.5,25.0,71.7,6436,0.665,1
M00288,1,2025-12-30,48,0,111.2,131.0,28.5,89.4,6087,0.752,1
M00288,2,2026-02-02,48,0,101.9,114.2,25.4,60.9,5756,0.561,1
M00288,3,2026-03-04,48,0,102.4,114.7,25.0,69.1,7136,0.56,1
M00288,4,2026-03-31,48,0,119.8,120.3,23.6,81.3,5921,0.655,1
M00288,5,2026-05-01,48,0,131.9,125.3,19.9,83.1,6076,0.644,1
M00288,6,2026-05-29,48,0,132.6,118.0,24.9,83.6,6216,0.724,1
M00289,1,2025-12-30,55,1,97.8,130.2,27.5,71.1,6739,0.645,1
M00289,2,2026-02-02,55,1,133.3,117.3,27.6,73.8,6004,0.759,1
M00289,3,2026-03-02,55,1,125.8,133.7,23.8,83.5,6412,0.716,1
M00289,4,2026-04-04,55,1,107.8,126.2,25.3,83.1,7094,0.648,1
M00289,5,2026-04-30,55,1,129.4,135.9,28.3,71.8,6643,0.788,1
M00289,6,2026-06-02,55,1,119.7,130.5,28.7,68.0,5045,0.759,1
M00290,1,2026-01-04,54,0,92.4,137.0,30.0,76.4,6150,0.706,1
M00290,2,2026-02-02,54,0,119.4,139.3,26.6,77.0,5407,0.752,1
M00290,3,2026-03-01,54,0,124.4,133.5,27.4,70.4,5787,0.758,1
M00290,4,2026-04-04,54,0,126.2,127.3,35.3,81.2,4240,0.876,1
M00290,5,2026-05-04,54,0,125.6,116.0,26.2,79.2,6594,0.707,1
M00290,6,2026-06-02,54,0,115.7,131.3,30.9,79.2,5856,0.792,1
M00291,1,2025-12-31,54,0,109.5,117.5,24.5,86.6,8808,0.604,1
M00291,2,2026-02-03,54,0,96.0,104.7,17.3,59.9,7231,0.316,0
M00291,3,2026-03-04,54,0,98.5,107.7,22.7,75.5,7987,0.472,0
M00291,4,2026-03-29,54,0,94.8,130.1,20.4,73.1,6913,0.477,0
M00291,5,2026-05-04,54,0,97.1,115.0,24.7,49.8,7441,0.487,0
M00291,6,2026-06-01,54,0,124.8,129.8,21.9,64.4,6925,0.626,1
M00292,1,2026-01-03,57,1,91.9,114.6,23.0,59.8,8682,0.433,0
M00292,2,2026-01-30,57,1,98.3,102.9,19.9,81.1,7739,0.41,0
M00292,3,2026-03-01,57,1,104.6,104.5,23.2,70.9,7977,0.494,0
M00292,4,2026-04-04,57,1,90.4,122.4,22.2,72.9,6697,0.477,0
M00292,5,2026-05-04,57,1,108.5,112.9,22.4,63.0,5576,0.525,1
M00292,6,2026-05-31,57,1,117.9,92.4,21.7,71.5,6835,0.496,0
M00293,1,2025-12-30,41,0,104.5,118.0,27.1,76.2,7257,0.636,1
M00293,2,2026-01-29,41,0,112.3,113.9,26.4,69.0,6767,0.634,1
M00293,3,2026-03-01,41,0,103.3,91.6,24.4,63.1,6644,0.474,0
M00293,4,2026-04-02,41,0,127.5,135.4,25.8,77.7,7262,0.746,1
M00293,5,2026-04-29,41,0,110.4,122.5,26.6,68.6,5944,0.66,1
M00293,6,2026-05-30,41,0,128.2,127.5,23.8,82.5,5670,0.714,1
M00294,1,2025-12-30,47,0,102.7,114.7,24.7,63.7,5025,0.564,1
M00294,2,2026-01-30,47,0,120.4,123.5,30.7,79.9,4890,0.795,1
M00294,3,2026-02-28,47,0,108.3,121.1,26.9,80.2,6295,0.671,1
M00294,4,2026-04-04,47,0,121.7,117.2,28.4,74.4,5846,0.733,1
M00294,5,2026-05-01,47,0,123.8,131.5,26.6,88.6,5199,0.769,1
M00294,6,2026-06-02,47,0,133.4,123.7,27.3,79.5,5335,0.781,1
M00295,1,2025-12-31,72,1,110.0,117.1,21.1,73.0,8032,0.512,1
M00295,2,2026-02-01,72,1,117.5,125.8,27.7,71.0,8850,0.696,1
M00295,3,2026-03-03,72,1,107.9,129.9,24.1,75.5,4991,0.64,1
M00295,4,2026-03-29,72,1,106.4,126.2,27.0,57.5,6442,0.637,1
M00295,5,2026-05-04,72,1,105.5,112.2,30.6,70.6,5955,0.695,1
M00295,6,2026-06-03,72,1,132.8,113.7,24.3,71.4,4834,0.694,1
M00296,1,2026-01-02,25,1,96.2,118.5,22.6,70.1,7112,0.491,0
M00296,2,2026-01-29,25,1,90.9,119.6,20.8,69.6,7342,0.427,0
M00296,3,2026-03-05,25,1,98.0,109.6,25.7,80.5,8384,0.55,1
M00296,4,2026-04-04,25,1,99.9,102.2,25.5,49.3,7927,0.474,0
M00296,5,2026-05-01,25,1,107.1,102.0,27.6,58.4,6551,0.584,1
M00296,6,2026-06-01,25,1,94.1,124.0,22.4,66.1,7026,0.487,0
M00297,1,2026-01-01,64,0,127.0,125.9,25.2,65.9,7209,0.691,1
M00297,2,2026-02-01,64,0,86.1,116.3,24.5,69.5,6159,0.491,0
M00297,3,2026-03-04,64,0,102.1,119.0,24.4,78.5,6604,0.581,1
M00297,4,2026-03-29,64,0,136.8,115.8,23.4,61.1,6804,0.663,1
M00297,5,2026-04-30,64,0,100.1,115.0,26.5,73.3,6611,0.596,1
M00297,6,2026-05-30,64,0,126.4,118.5,30.5,67.4,6074,0.774,1
M00298,1,2026-01-04,69,0,104.2,102.8,22.5,76.5,8481,0.477,0
M00298,2,2026-01-30,69,0,100.3,103.6,22.2,78.4,7990,0.463,0
M00298,3,2026-02-27,69,0,106.2,121.4,23.3,89.1,7719,0.592,1
M00298,4,2026-04-01,69,0,101.7,117.4,21.8,75.4,8381,0.493,0
M00298,5,2026-05-03,69,0,96.1,105.2,21.4,80.6,8429,0.432,0
M00298,6,2026-05-30,69,0,88.6,120.8,27.4,74.7,8520,0.565,1
M00299,1,2026-01-02,60,0,133.4,151.8,24.8,74.8,5445,0.792,1
M00299,2,2026-01-29,60,0,128.2,123.6,24.2,71.4,5010,0.699,1
M00299,3,2026-03-01,60,0,112.2,124.8,29.0,76.4,7288,0.72,1
M00299,4,2026-03-29,60,0,122.2,146.2,32.0,72.9,6216,0.842,1
M00299,5,2026-05-03,60,0,134.2,149.2,29.4,79.4,4209,0.861,1
M00299,6,2026-06-03,60,0,133.1,139.9,33.2,64.3,4021,0.872,1
M00300,1,2026-01-04,51,0,100.7,121.3,23.7,70.1,6968,0.546,1
M00300,2,2026-01-30,51,0,67.2,118.4,24.6,59.7,9767,0.361,0
M00300,3,2026-02-28,51,0,99.5,103.5,23.7,71.5,7688,0.482,0
M00300,4,2026-03-29,51,0,129.2,123.1,22.5,72.4,7839,0.644,1
M00300,5,2026-05-01,51,0,109.3,112.7,23.6,51.3,7455,0.513,1
M00300,6,2026-05-31,51,0,119.5,125.8,25.8,72.5,6617,0.689,1
M00301,1,2026-01-04,55,0,109.7,114.5,24.9,71.5,4848,0.615,1
M00301,2,2026-01-30,55,0,89.8,106.4,22.2,77.7,9049,0.413,0
M00301,3,2026-02-27,55,0,98.2,114.0,23.5,67.0,6232,0.51,1
M00301,4,2026-04-04,55,0,97.3,110.2,23.8,66.1,8058,0.48,0
M00301,5,2026-05-01,55,0,111.4,116.2,24.9,69.4,8498,0.587,1
M00301,6,2026-06-01,55,0,92.0,117.9,26.8,81.8,5387,0.603,1
M00302,1,2026-01-01,46,1,93.4,110.3,19.1,70.8,7277,0.378,0
M00302,2,2026-01-31,46,1,85.1,103.6,25.0,53.4,7897,0.41,0
M00302,3,2026-03-01,46,1,104.6,111.9,23.7,65.7,6869,0.527,1
M00302,4,2026-04-02,46,1,81.3,117.8,26.5,68.1,5864,0.519,1
M00302,5,2026-05-01,46,1,107.9,135.0,22.4,65.8,6539,0.585,1
M00302,6,2026-06-02,46,1,102.5,117.9,26.6,63.0,7446,0.588,1
M00303,1,2025-12-30,55,0,136.2,137.7,25.9,73.2,5144,0.789,1
M00303,2,2026-02-02,55,0,139.6,126.6,26.0,70.8,5436,0.773,1
M00303,3,2026-03-02,55,0,128.0,150.6,30.1,76.7,4701,0.852,1
M00303,4,2026-03-29,55,0,138.5,131.2,31.0,69.9,5836,0.843,1
M00303,5,2026-05-03,55,0,138.8,134.1,29.5,80.1,5437,0.843,1
M00303,6,2026-05-30,55,0,154.4,148.4,32.5,87.9,6288,0.92,1
M00304,1,2025-12-29,66,0,105.2,130.3,28.6,69.4,5738,0.702,1
M00304,2,2026-02-01,66,0,106.8,115.0,27.2,77.9,6831,0.645,1
M00304,3,2026-03-01,66,0,136.1,105.3,25.3,78.3,6166,0.705,1
M00304,4,2026-04-02,66,0,113.5,124.6,25.2,87.2,5676,0.686,1
M00304,5,2026-05-02,66,0,125.7,151.9,29.0,67.2,6697,0.812,1
M00304,6,2026-06-03,66,0,157.9,124.0,28.5,86.9,4777,0.87,1
M00305,1,2026-01-04,64,1,101.5,103.1,20.5,69.1,6873,0.422,0
M00305,2,2026-01-30,64,1,98.5,95.4,22.3,58.2,7881,0.396,0
M00305,3,2026-02-27,64,1,96.1,102.6,21.3,75.1,7379,0.422,0
M00305,4,2026-04-03,64,1,105.9,107.8,22.9,54.0,6191,0.487,0
M00305,5,2026-05-01,64,1,115.6,123.0,23.3,59.3,7835,0.577,1
M00305,6,2026-06-01,64,1,137.6,109.5,24.4,67.5,7630,0.673,1
M00306,1,2026-01-04,45,1,105.6,113.9,29.6,69.1,7499,0.664,1
M00306,2,2026-02-02,45,1,124.2,108.1,28.5,83.8,5614,0.739,1
M00306,3,2026-03-03,45,1,120.0,115.9,29.0,66.2,5489,0.725,1
M00306,4,2026-03-30,45,1,133.4,144.0,23.7,78.0,5201,0.765,1
M00306,5,2026-04-29,45,1,104.5,121.1,27.3,81.1,5592,0.672,1
M00306,6,2026-06-03,45,1,130.1,139.7,30.7,72.9,4168,0.846,1
M00307,1,2025-12-29,46,0,111.2,110.7,22.9,71.6,7557,0.541,1
M00307,2,2026-01-30,46,0,113.0,111.6,25.6,73.3,5393,0.635,1
M00307,3,2026-03-04,46,0,89.0,90.0,25.6,68.4,6612,0.443,0
M00307,4,2026-03-30,46,0,109.3,139.2,23.8,75.3,6631,0.65,1
M00307,5,2026-05-01,46,0,133.4,120.4,24.4,59.3,5942,0.687,1
M00307,6,2026-05-30,46,0,99.0,108.0,24.6,70.9,7580,0.513,1
M00308,1,2025-12-31,37,1,95.3,111.3,26.7,80.4,6629,0.583,1
M00308,2,2026-01-31,37,1,101.9,119.0,24.2,74.0,5725,0.576,1
M00308,3,2026-03-03,37,1,113.4,129.0,26.6,63.8,5549,0.684,1
M00308,4,2026-03-31,37,1,131.3,126.3,26.0,91.6,6535,0.767,1
M00308,5,2026-04-29,37,1,124.9,117.6,24.4,71.4,6112,0.665,1
M00308,6,2026-06-03,37,1,124.5,126.2,22.6,81.2,7972,0.649,1
M00309,1,2026-01-02,34,1,112.9,93.5,29.3,76.3,6901,0.652,1
M00309,2,2026-01-28,34,1,144.8,117.0,28.0,64.0,5922,0.786,1
M00309,3,2026-03-03,34,1,109.5,129.5,26.4,75.2,6455,0.679,1
M00309,4,2026-04-03,34,1,115.8,133.5,25.0,80.5,6573,0.693,1
M00309,5,2026-04-29,34,1,134.6,124.9,30.3,85.8,6246,0.83,1
M00309,6,2026-05-30,34,1,130.9,130.8,29.0,73.6,4866,0.807,1
M00310,1,2025-12-30,47,1,66.9,109.3,24.7,76.7,6313,0.401,0
M00310,2,2026-02-03,47,1,87.8,108.4,19.5,65.5,8375,0.338,0
M00310,3,2026-03-02,47,1,107.1,108.9,25.8,74.0,10489,0.556,1
M00310,4,2026-03-30,47,1,98.3,123.1,21.6,77.3,7634,0.501,1
M00310,5,2026-05-04,47,1,119.1,111.1,28.5,80.6,6509,0.716,1
M00310,6,2026-05-30,47,1,95.5,120.5,24.7,66.9,8072,0.525,1
M00311,1,2025-12-30,35,1,94.2,116.0,24.3,67.9,7598,0.505,1
M00311,2,2026-01-29,35,1,93.3,117.2,24.5,62.2,7901,0.492,0
M00311,3,2026-02-27,35,1,97.2,113.9,25.5,67.3,9381,0.518,1
M00311,4,2026-03-30,35,1,96.8,137.5,23.7,59.0,5859,0.566,1
M00311,5,2026-05-02,35,1,110.4,120.0,24.5,79.1,7238,0.617,1
M00311,6,2026-06-01,35,1,111.3,119.9,20.3,53.1,7805,0.47,0
M00312,1,2025-12-30,39,0,100.2,112.2,28.0,84.4,6162,0.645,1
M00312,2,2026-02-03,39,0,108.7,128.7,27.4,69.0,6551,0.68,1
M00312,3,2026-03-04,39,0,111.9,115.5,26.6,61.7,6365,0.63,1
M00312,4,2026-03-31,39,0,103.5,115.3,24.3,69.1,5146,0.57,1
M00312,5,2026-05-01,39,0,110.1,119.2,25.2,80.7,6270,0.64,1
M00312,6,2026-06-01,39,0,132.7,123.2,28.0,70.6,6636,0.765,1
M00313,1,2025-12-29,60,1,128.6,145.2,21.9,71.1,4605,0.714,1
M00313,2,2026-02-02,60,1,112.1,118.3,30.9,67.9,4919,0.743,1
M00313,3,2026-02-27,60,1,123.0,118.0,27.1,78.1,4975,0.73,1
M00313,4,2026-03-29,60,1,137.3,139.6,31.7,80.0,5166,0.873,1
M00313,5,2026-04-28,60,1,133.1,142.3,31.6,80.0,1669,0.883,1
M00313,6,2026-06-03,60,1,123.2,134.9,29.5,70.5,4576,0.797,1
M00314,1,2025-12-31,57,1,81.1,120.9,21.1,76.6,7487,0.406,0
M00314,2,2026-02-01,57,1,96.0,127.3,27.6,66.0,6813,0.622,1
M00314,3,2026-03-01,57,1,113.1,117.7,24.9,63.0,4797,0.622,1
M00314,4,2026-03-29,57,1,98.8,117.5,26.8,60.5,6358,0.581,1
M00314,5,2026-04-28,57,1,121.4,120.0,26.8,82.6,6562,0.718,1
M00314,6,2026-06-01,57,1,128.6,131.7,24.7,90.2,6273,0.747,1
M00315,1,2025-12-31,52,1,104.8,134.2,27.1,86.9,6679,0.703,1
M00315,2,2026-01-30,52,1,98.6,130.5,27.1,78.6,5748,0.663,1
M00315,3,2026-03-03,52,1,111.7,127.0,28.0,86.2,4819,0.741,1
M00315,4,2026-04-03,52,1,119.4,124.3,22.3,64.3,3764,0.626,1
M00315,5,2026-05-02,52,1,123.6,128.6,24.6,69.2,8262,0.67,1
M00315,6,2026-05-29,52,1,139.6,138.7,24.0,81.7,5339,0.783,1
M00316,1,2026-01-03,74,0,131.3,136.1,28.2,89.5,6072,0.819,1
M00316,2,2026-01-30,74,0,123.7,136.8,26.8,77.3,3804,0.777,1
M00316,3,2026-03-01,74,0,124.6,147.1,32.1,84.7,4282,0.871,1
M00316,4,2026-04-01,74,0,138.7,137.0,31.8,79.8,3501,0.881,1
M00316,5,2026-05-02,74,0,141.2,149.7,33.5,85.1,4081,0.914,1
M00316,6,2026-05-29,74,0,147.9,147.5,31.0,78.9,4665,0.897,1
M00317,1,2026-01-02,63,1,103.3,125.2,23.8,69.9,7174,0.569,1
M00317,2,2026-01-30,63,1,83.5,102.1,17.5,59.1,8407,0.258,0
M00317,3,2026-02-28,63,1,119.5,112.1,21.2,61.1,7284,0.525,1
M00317,4,2026-03-29,63,1,91.4,129.4,22.1,76.0,7731,0.497,0
M00317,5,2026-04-30,63,1,122.3,120.8,22.8,63.6,5843,0.618,1
M00317,6,2026-05-30,63,1,91.7,111.3,21.2,67.0,5851,0.424,0
M00318,1,2026-01-02,37,1,71.0,102.5,21.6,65.9,9144,0.292,0
M00318,2,2026-02-02,37,1,89.8,108.3,21.5,50.4,9585,0.348,0
M00318,3,2026-02-27,37,1,86.6,113.9,20.3,64.2,9330,0.353,0
M00318,4,2026-03-30,37,1,88.3,117.6,22.4,72.2,6840,0.455,0
M00318,5,2026-05-03,37,1,99.4,112.5,24.3,58.1,6808,0.505,1
M00318,6,2026-05-31,37,1,108.1,114.5,22.6,60.0,6051,0.522,1
M00319,1,2025-12-30,53,1,116.0,124.6,25.6,75.2,6552,0.675,1
M00319,2,2026-01-28,53,1,115.1,148.7,24.9,68.7,5598,0.716,1
M00319,3,2026-03-05,53,1,127.9,126.8,27.7,79.7,4523,0.781,1
M00319,4,2026-04-02,53,1,127.1,132.9,27.1,73.1,6614,0.758,1
M00319,5,2026-04-28,53,1,110.3,126.1,25.8,86.6,5366,0.689,1
M00319,6,2026-06-03,53,1,139.1,133.4,28.6,83.3,4367,0.841,1
M00320,1,2026-01-04,60,0,107.8,120.2,28.2,77.8,6591,0.687,1
M00320,2,2026-01-30,60,0,107.1,107.6,24.0,85.2,6801,0.572,1
M00320,3,2026-03-01,60,0,112.2,125.3,21.0,67.8,7767,0.537,1
M00320,4,2026-03-30,60,0,117.3,142.6,26.5,72.5,7145,0.731,1
M00320,5,2026-05-01,60,0,96.7,113.2,24.0,87.7,6458,0.549,1
M00320,6,2026-05-29,60,0,122.1,120.3,23.5,80.3,6825,0.651,1
M00321,1,2025-12-30,74,1,97.7,107.3,19.2,65.5,9524,0.358,0
M00321,2,2026-01-29,74,1,87.0,90.0,19.5,51.1,6840,0.275,0
M00321,3,2026-03-02,74,1,65.5,110.2,19.4,72.1,10114,0.253,0
M00321,4,2026-03-31,74,1,94.6,109.2,17.2,60.5,9690,0.301,0
M00321,5,2026-04-28,74,1,96.9,97.2,18.6,67.8,9384,0.322,0
M00321,6,2026-06-03,74,1,93.7,124.8,21.9,61.1,8159,0.454,0
M00322,1,2026-01-03,51,1,123.3,113.7,24.8,66.5,7163,0.638,1
M00322,2,2026-01-30,51,1,115.4,107.8,27.5,72.5,6511,0.66,1
M00322,3,2026-03-03,51,1,131.7,126.0,27.1,72.3,5038,0.769,1
M00322,4,2026-03-30,51,1,131.0,133.4,24.2,83.5,8338,0.726,1
M00322,5,2026-05-04,51,1,115.7,143.3,27.9,73.6,5396,0.766,1
M00322,6,2026-05-30,51,1,115.8,120.7,30.3,73.9,7162,0.744,1
M00323,1,2025-12-31,73,1,113.0,120.0,25.4,67.4,6491,0.631,1
M00323,2,2026-01-30,73,1,112.6,112.5,26.1,58.3,6494,0.606,1
M00323,3,2026-03-01,73,1,106.4,128.0,22.7,67.5,8376,0.549,1
M00323,4,2026-03-30,73,1,86.5,116.3,21.8,61.4,7678,0.402,0
M00323,5,2026-05-02,73,1,110.9,112.2,24.8,77.9,5877,0.615,1
M00323,6,2026-05-29,73,1,112.5,134.4,20.9,79.6,7351,0.59,1
M00324,1,2026-01-02,68,1,83.4,112.1,25.1,71.3,7577,0.468,0
M00324,2,2026-01-29,68,1,123.9,123.7,22.5,70.5,7296,0.625,1
M00324,3,2026-03-02,68,1,110.7,118.9,25.9,67.9,6735,0.629,1
M00324,4,2026-04-02,68,1,110.3,116.5,25.6,78.6,6243,0.638,1
M00324,5,2026-05-03,68,1,112.9,113.8,26.4,66.9,6818,0.631,1
M00324,6,2026-06-02,68,1,104.5,127.4,25.1,65.9,6382,0.608,1
M00325,1,2026-01-01,49,1,103.3,114.7,25.1,72.0,7613,0.567,1
M00325,2,2026-01-28,49,1,109.0,129.6,24.6,72.0,6919,0.63,1
M00325,3,2026-03-02,49,1,119.2,120.8,27.4,78.8,6625,0.716,1
M00325,4,2026-04-04,49,1,121.1,130.5,26.1,69.9,6741,0.708,1
M00325,5,2026-05-01,49,1,117.7,152.8,24.6,75.9,6121,0.738,1
M00325,6,2026-06-01,49,1,107.7,129.2,27.4,80.1,6824,0.695,1
M00326,1,2025-12-29,64,1,106.4,123.5,24.6,63.2,6040,0.593,1
M00326,2,2026-01-31,64,1,112.9,119.3,26.5,77.4,6933,0.667,1
M00326,3,2026-03-01,64,1,114.4,122.5,24.7,67.1,5577,0.638,1
M00326,4,2026-04-02,64,1,110.7,127.0,30.5,70.6,4688,0.757,1
M00326,5,2026-05-04,64,1,127.6,113.3,29.3,70.9,6340,0.752,1
M00326,6,2026-05-30,64,1,124.2,139.1,27.1,83.4,7604,0.77,1
M00327,1,2026-01-03,63,0,88.2,124.3,25.3,76.6,6552,0.552,1
M00327,2,2026-01-28,63,0,135.1,121.4,29.5,69.8,6027,0.796,1
M00327,3,2026-03-03,63,0,124.5,131.1,27.1,77.5,4455,0.767,1
M00327,4,2026-04-03,63,0,124.7,122.8,29.3,77.3,6204,0.773,1
M00327,5,2026-05-04,63,0,119.1,131.1,30.7,77.2,6289,0.794,1
M00327,6,2026-05-30,63,0,139.3,148.9,32.1,73.9,5942,0.885,1
M00328,1,2026-01-02,46,1,95.6,140.2,22.8,68.7,8236,0.544,1
M00328,2,2026-01-31,46,1,82.6,98.5,25.7,73.0,6757,0.45,0
M00328,3,2026-02-27,46,1,110.9,112.2,26.1,77.1,7538,0.625,1
M00328,4,2026-04-03,46,1,123.2,133.5,25.2,71.5,5755,0.716,1
M00328,5,2026-04-30,46,1,110.4,109.8,23.5,78.8,7075,0.566,1
M00328,6,2026-06-01,46,1,109.0,129.9,27.3,65.7,6005,0.682,1
M00329,1,2026-01-03,27,1,102.0,115.0,24.6,62.5,9626,0.511,1
M00329,2,2026-01-28,27,1,104.5,115.3,23.0,74.8,8506,0.524,1
M00329,3,2026-03-05,27,1,96.9,98.6,23.1,83.1,6912,0.475,0
M00329,4,2026-04-03,27,1,116.5,121.4,25.7,56.7,7295,0.629,1
M00329,5,2026-05-01,27,1,106.2,123.3,25.5,62.9,7798,0.594,1
M00329,6,2026-05-30,27,1,108.0,129.7,22.6,67.7,9216,0.553,1
M00330,1,2026-01-01,73,0,110.9,122.7,20.6,74.9,6042,0.545,1
M00330,2,2026-01-30,73,0,113.9,118.2,28.5,86.4,7314,0.718,1
M00330,3,2026-03-05,73,0,122.1,121.1,23.6,76.9,7681,0.642,1
M00330,4,2026-03-29,73,0,120.6,123.3,22.8,65.0,7184,0.608,1
M00330,5,2026-05-04,73,0,99.0,113.8,28.5,69.0,6446,0.624,1
M00330,6,2026-06-03,73,0,126.0,125.8,24.9,72.0,6885,0.694,1
M00331,1,2025-12-31,61,1,121.9,143.2,28.9,85.8,6132,0.81,1
M00331,2,2026-01-31,61,1,123.4,121.4,26.7,57.9,5767,0.693,1
M00331,3,2026-03-03,61,1,128.7,129.2,27.0,71.1,6910,0.748,1
M00331,4,2026-03-29,61,1,132.9,132.4,28.7,83.6,6044,0.817,1
M00331,5,2026-05-04,61,1,120.8,138.8,27.9,93.4,5934,0.795,1
M00331,6,2026-05-31,61,1,140.0,141.8,26.9,93.5,5141,0.844,1
M00332,1,2026-01-03,65,1,107.8,121.0,20.3,84.4,6082,0.537,1
M00332,2,2026-01-30,65,1,125.6,119.3,23.6,54.7,6853,0.618,1
M00332,3,2026-03-02,65,1,133.5,133.7,28.6,65.0,5166,0.801,1
M00332,4,2026-04-02,65,1,129.3,131.4,27.6,73.3,6030,0.774,1
M00332,5,2026-05-03,65,1,110.8,131.6,23.7,62.8,6585,0.61,1
M00332,6,2026-06-01,65,1,109.1,101.1,28.2,68.5,5865,0.629,1
M00333,1,2026-01-01,71,1,104.5,127.4,27.3,62.7,6933,0.643,1
M00333,2,2026-01-28,71,1,117.0,113.0,24.5,82.3,7345,0.63,1
M00333,3,2026-03-04,71,1,114.0,114.7,28.3,71.6,6934,0.684,1
M00333,4,2026-03-31,71,1,124.4,126.4,25.7,74.4,5418,0.721,1
M00333,5,2026-04-29,71,1,121.1,115.6,29.7,80.7,6130,0.757,1
M00333,6,2026-05-30,71,1,144.1,133.8,27.6,90.3,5940,0.841,1
M00334,1,2025-12-29,28,0,91.8,145.8,24.8,71.6,5744,0.616,1
M00334,2,2026-02-01,28,0,76.5,129.7,25.6,81.9,7778,0.521,1
M00334,3,2026-03-03,28,0,107.9,110.3,24.8,70.1,6241,0.576,1
M00334,4,2026-04-01,28,0,108.3,108.5,24.0,81.1,6518,0.574,1
M00334,5,2026-05-03,28,0,128.3,122.3,24.8,68.2,6881,0.686,1
M00334,6,2026-05-31,28,0,143.8,106.4,24.2,76.1,7754,0.7,1
M00335,1,2026-01-02,38,0,116.4,131.3,25.1,70.2,7361,0.668,1
M00335,2,2026-02-01,38,0,113.2,124.1,29.1,94.4,6030,0.762,1
M00335,3,2026-03-03,38,0,135.5,136.8,31.6,82.4,5827,0.864,1
M00335,4,2026-04-03,38,0,128.8,139.5,27.2,77.9,5660,0.792,1
M00335,5,2026-04-29,38,0,127.1,134.4,27.1,55.1,5236,0.746,1
M00335,6,2026-06-01,38,0,129.0,124.8,32.4,70.9,5750,0.828,1
M00336,1,2025-12-31,36,1,129.4,128.7,29.5,69.4,3865,0.807,1
M00336,2,2026-02-01,36,1,135.1,137.4,30.2,84.2,4733,0.856,1
M00336,3,2026-03-03,36,1,135.4,148.3,30.0,87.5,5726,0.869,1
M00336,4,2026-04-02,36,1,144.1,152.1,29.9,93.5,4852,0.897,1
M00336,5,2026-04-28,36,1,119.1,134.4,29.2,83.0,5797,0.788,1
M00336,6,2026-06-03,36,1,159.1,136.2,29.1,76.7,4006,0.888,1
M00337,1,2026-01-04,65,0,83.4,126.4,28.7,95.5,4332,0.667,1
M00337,2,2026-01-30,65,0,105.0,113.6,29.3,76.5,5983,0.682,1
M00337,3,2026-03-04,65,0,109.0,132.0,28.5,62.3,3896,0.722,1
M00337,4,2026-04-04,65,0,109.0,123.0,25.2,82.2,6493,0.647,1
M00337,5,2026-04-28,65,0,133.8,118.8,26.2,76.8,3362,0.764,1
M00337,6,2026-06-03,65,0,128.7,143.9,27.0,76.1,4432,0.802,1
M00338,1,2025-12-30,61,0,89.2,113.3,23.0,68.8,4896,0.472,0
M00338,2,2026-01-28,61,0,94.9,126.7,28.0,67.1,8364,0.611,1
M00338,3,2026-02-27,61,0,136.6,127.9,27.4,61.7,6272,0.769,1
M00338,4,2026-04-04,61,0,112.4,116.9,25.9,70.9,5722,0.644,1
M00338,5,2026-04-28,61,0,106.3,131.0,26.1,60.9,5245,0.649,1
M00338,6,2026-06-03,61,0,141.3,121.7,28.8,80.3,5231,0.822,1
M00339,1,2026-01-01,38,1,98.1,136.6,22.3,65.3,7056,0.539,1
M00339,2,2026-02-01,38,1,102.9,117.8,29.2,71.2,6983,0.665,1
M00339,3,2026-03-05,38,1,138.1,124.0,23.9,53.1,5235,0.698,1
M00339,4,2026-03-29,38,1,133.3,109.7,25.8,49.9,6520,0.663,1
M00339,5,2026-04-28,38,1,98.3,115.1,22.0,66.3,7724,0.462,0
M00339,6,2026-06-01,38,1,116.7,138.6,25.4,73.3,5640,0.714,1
M00340,1,2025-12-29,52,0,121.8,97.8,23.1,75.9,6701,0.571,1
M00340,2,2026-02-01,52,0,110.3,109.0,28.0,65.7,6069,0.644,1
M00340,3,2026-03-03,52,0,134.9,127.2,26.9,67.3,7241,0.755,1
M00340,4,2026-04-01,52,0,119.1,124.9,27.5,86.0,6592,0.74,1
M00340,5,2026-04-29,52,0,136.9,136.2,26.9,67.2,6157,0.788,1
M00340,6,2026-05-30,52,0,129.3,135.5,27.9,66.9,5777,0.78,1
M00341,1,2026-01-04,33,1,105.9,117.1,21.3,52.4,7324,0.464,0
M00341,2,2026-01-28,33,1,113.2,104.1,22.2,74.7,7253,0.523,1
M00341,3,2026-02-27,33,1,105.0,118.4,24.6,63.9,8180,0.552,1
M00341,4,2026-03-30,33,1,96.4,106.6,25.0,79.2,8148,0.519,1
M00341,5,2026-04-29,33,1,97.2,116.4,25.4,75.6,7133,0.562,1
M00341,6,2026-05-28,33,1,128.0,126.4,25.9,65.2,8381,0.698,1
M00342,1,2026-01-04,66,0,114.3,118.3,22.4,66.7,6466,0.566,1
M00342,2,2026-01-28,66,0,128.3,132.6,25.7,60.2,6456,0.719,1
M00342,3,2026-03-02,66,0,114.9,118.7,28.7,88.8,5881,0.74,1
M00342,4,2026-03-31,66,0,117.6,131.3,24.6,70.0,6499,0.669,1
M00342,5,2026-04-28,66,0,100.6,114.9,26.8,64.3,5718,0.595,1
M00342,6,2026-06-03,66,0,115.4,112.9,25.4,70.8,5398,0.637,1
M00343,1,2025-12-31,45,1,103.8,105.8,24.5,87.5,6853,0.567,1
M00343,2,2026-02-02,45,1,100.8,106.0,22.6,72.1,6959,0.479,0
M00343,3,2026-03-04,45,1,118.7,118.7,22.8,87.6,7857,0.623,1
M00343,4,2026-04-04,45,1,119.5,119.3,25.1,60.8,6801,0.636,1
M00343,5,2026-04-28,45,1,122.0,109.7,22.2,79.6,7441,0.586,1
M00343,6,2026-06-01,45,1,152.9,127.5,26.7,71.3,8312,0.806,1
M00344,1,2026-01-01,51,1,95.9,99.7,22.7,45.0,9067,0.368,0
M00344,2,2026-02-01,51,1,73.5,100.6,22.2,70.2,7532,0.33,0
M00344,3,2026-03-04,51,1,91.1,112.4,19.8,51.0,8858,0.338,0
M00344,4,2026-03-29,51,1,73.0,126.5,19.4,71.2,8144,0.336,0
M00344,5,2026-04-29,51,1,99.5,104.3,22.2,65.0,6366,0.453,0
M00344,6,2026-06-03,51,1,96.1,118.0,21.2,46.6,9066,0.394,0
M00345,1,2025-12-29,49,1,96.3,129.4,23.1,81.5,7563,0.553,1
M00345,2,2026-02-01,49,1,109.1,114.6,22.8,60.7,7620,0.518,1
M00345,3,2026-03-01,49,1,98.0,125.7,23.0,68.3,7730,0.52,1
M00345,4,2026-04-03,49,1,113.3,132.3,22.2,55.0,6506,0.575,1
M00345,5,2026-05-04,49,1,89.6,137.3,25.5,67.5,6412,0.584,1
M00345,6,2026-06-02,49,1,115.3,119.0,22.5,80.0,7785,0.589,1
M00346,1,2026-01-03,32,0,119.4,117.6,26.6,79.2,5973,0.7,1
M00346,2,2026-01-30,32,0,113.9,111.9,26.9,81.0,5776,0.675,1
M00346,3,2026-02-28,32,0,119.7,135.8,24.4,67.0,8060,0.666,1
M00346,4,2026-03-31,32,0,110.7,141.9,26.5,68.4,7186,0.698,1
M00346,5,2026-05-04,32,0,106.0,141.0,28.6,82.3,6127,0.749,1
M00346,6,2026-05-31,32,0,123.8,131.6,23.5,69.3,9067,0.648,1
M00347,1,2025-12-29,35,0,96.1,122.6,24.7,65.7,6533,0.546,1
M00347,2,2026-02-02,35,0,107.4,114.0,23.7,64.0,5478,0.556,1
M00347,3,2026-02-28,35,0,115.9,114.0,25.3,69.8,7309,0.623,1
M00347,4,2026-04-04,35,0,108.1,115.8,30.8,83.1,7513,0.725,1
M00347,5,2026-05-04,35,0,110.0,116.7,25.9,71.9,7908,0.616,1
M00347,6,2026-06-02,35,0,134.0,138.0,26.5,62.8,4541,0.781,1
M00348,1,2026-01-04,33,0,113.0,100.9,24.9,78.3,7956,0.572,1
M00348,2,2026-02-02,33,0,110.2,120.3,21.2,50.4,7619,0.483,0
M00348,3,2026-03-02,33,0,106.4,102.8,27.2,74.2,5987,0.61,1
M00348,4,2026-03-31,33,0,108.4,121.4,26.6,79.2,7024,0.658,1
M00348,5,2026-04-28,33,0,120.3,131.2,22.8,76.8,7651,0.645,1
M00348,6,2026-06-02,33,0,93.9,125.5,25.4,73.1,7509,0.565,1
M00349,1,2026-01-02,65,0,96.4,120.6,20.9,65.3,8957,0.432,0
M00349,2,2026-01-28,65,0,105.2,130.0,22.6,58.1,8720,0.527,1
M00349,3,2026-03-04,65,0,93.4,112.2,25.2,68.8,7387,0.512,1
M00349,4,2026-03-29,65,0,105.5,110.3,25.2,69.7,7237,0.565,1
M00349,5,2026-05-02,65,0,92.7,113.7,26.5,75.3,6916,0.56,1
M00349,6,2026-05-30,65,0,116.9,131.3,26.1,64.6,7038,0.682,1
M00350,1,2025-12-31,75,1,121.2,137.0,27.7,72.6,6571,0.758,1
M00350,2,2026-02-02,75,1,141.3,129.3,29.0,76.2,4195,0.839,1
M00350,3,2026-02-28,75,1,123.2,125.0,27.8,71.8,4783,0.75,1
M00350,4,2026-03-29,75,1,131.8,135.4,31.5,85.9,4942,0.861,1
M00350,5,2026-05-01,75,1,138.0,144.2,31.4,74.7,4221,0.878,1
M00350,6,2026-05-30,75,1,132.1,147.2,30.5,75.8,5254,0.856,1
M00351,1,2026-01-04,28,1,95.5,131.5,29.5,85.5,7275,0.7,1
M00351,2,2026-02-02,28,1,118.1,109.4,24.8,79.7,4914,0.649,1
M00351,3,2026-03-01,28,1,116.5,117.5,30.4,78.1,6177,0.753,1
M00351,4,2026-03-31,28,1,122.4,121.0,26.1,65.4,5339,0.693,1
M00351,5,2026-04-30,28,1,121.2,139.1,25.7,70.2,6458,0.725,1
M00351,6,2026-06-02,28,1,124.2,123.7,29.8,78.3,4532,0.794,1
M00352,1,2026-01-02,73,1,114.2,115.5,28.7,67.6,6677,0.69,1
M00352,2,2026-02-03,73,1,117.9,117.7,25.5,69.2,6243,0.652,1
M00352,3,2026-03-02,73,1,123.4,126.9,26.7,66.4,5334,0.725,1
M00352,4,2026-03-31,73,1,104.1,123.8,25.3,87.9,5264,0.652,1
M00352,5,2026-04-28,73,1,132.0,128.3,25.6,68.3,5638,0.74,1
M00352,6,2026-06-01,73,1,130.5,116.1,28.9,65.5,5627,0.758,1
M00353,1,2025-12-31,34,1,87.7,121.2,26.3,64.1,7504,0.529,1
M00353,2,2026-01-28,34,1,84.3,131.3,24.6,63.1,8000,0.498,0
M00353,3,2026-02-28,34,1,83.0,114.9,21.5,78.7,7253,0.414,0
M00353,4,2026-04-04,34,1,99.2,115.8,21.8,58.1,7317,0.453,0
M00353,5,2026-05-01,34,1,126.8,126.3,22.1,61.6,7323,0.619,1
M00353,6,2026-06-02,34,1,109.7,108.0,26.6,75.3,6947,0.619,1
M00354,1,2025-12-31,51,1,93.0,92.5,28.1,71.6,8322,0.514,1
M00354,2,2026-02-01,51,1,97.0,109.4,24.2,76.9,6731,0.521,1
M00354,3,2026-02-28,51,1,112.0,99.3,27.3,76.4,9196,0.6,1
M00354,4,2026-03-30,51,1,108.5,117.3,23.0,58.1,6824,0.532,1
M00354,5,2026-05-04,51,1,103.6,122.0,25.3,61.6,7190,0.577,1
M00354,6,2026-06-02,51,1,115.7,103.2,27.5,81.2,7792,0.653,1
M00355,1,2025-12-30,41,1,112.3,133.8,23.9,66.7,7707,0.622,1
M00355,2,2026-02-03,41,1,129.7,132.3,26.5,76.7,5908,0.766,1
M00355,3,2026-03-05,41,1,132.1,113.4,28.5,71.8,5394,0.761,1
M00355,4,2026-03-30,41,1,137.9,140.0,29.2,73.6,5789,0.839,1
M00355,5,2026-05-01,41,1,118.1,139.8,27.1,78.1,7067,0.747,1
M00355,6,2026-05-29,41,1,129.5,121.9,27.5,66.5,4105,0.757,1
M00356,1,2026-01-01,50,0,90.8,144.3,23.5,70.4,6728,0.568,1
M00356,2,2026-01-29,50,0,114.7,132.3,20.6,65.1,6759,0.564,1
M00356,3,2026-02-27,50,0,106.4,112.3,25.9,58.8,7445,0.565,1
M00356,4,2026-04-04,50,0,96.7,131.9,25.0,69.9,7122,0.586,1
M00356,5,2026-05-03,50,0,119.2,114.8,26.4,74.2,6902,0.672,1
M00356,6,2026-06-03,50,0,116.3,124.1,26.0,74.3,5160,0.693,1
M00357,1,2025-12-31,62,0,101.3,111.6,26.8,70.5,7244,0.587,1
M00357,2,2026-01-31,62,0,106.3,133.5,27.9,69.5,6690,0.692,1
M00357,3,2026-03-01,62,0,97.8,107.1,26.4,63.2,7837,0.529,1
M00357,4,2026-04-01,62,0,107.2,109.1,25.0,70.1,6797,0.569,1
M00357,5,2026-05-01,62,0,101.1,116.4,25.3,65.2,4435,0.583,1
M00357,6,2026-06-03,62,0,122.6,124.9,25.8,64.0,6115,0.689,1
M00358,1,2026-01-03,37,1,95.9,92.8,25.3,45.3,7984,0.415,0
M00358,2,2026-01-28,37,1,98.2,103.5,22.7,69.0,7844,0.449,0
M00358,3,2026-02-28,37,1,71.1,90.3,22.8,77.7,7820,0.315,0
M00358,4,2026-04-02,37,1,107.3,118.5,20.9,62.7,8675,0.471,0
M00358,5,2026-05-02,37,1,89.2,118.6,19.1,60.3,9229,0.346,0
M00358,6,2026-06-01,37,1,98.1,113.6,22.3,63.6,9140,0.444,0
M00359,1,2026-01-01,38,1,98.1,105.5,24.7,55.9,8111,0.468,0
M00359,2,2026-01-31,38,1,104.2,122.4,23.6,82.2,8774,0.568,1
M00359,3,2026-03-05,38,1,96.6,123.4,26.0,52.7,7509,0.545,1
M00359,4,2026-03-31,38,1,99.5,107.1,23.4,64.5,8256,0.468,0
M00359,5,2026-05-01,38,1,90.6,104.8,20.6,58.3,7158,0.36,0
M00359,6,2026-05-30,38,1,122.3,90.0,27.8,54.5,6726,0.611,1
M00360,1,2026-01-04,47,0,98.3,122.3,24.0,80.0,6232,0.572,1
M00360,2,2026-02-01,47,0,109.1,109.7,28.2,76.6,4468,0.68,1
M00360,3,2026-02-28,47,0,115.2,117.9,28.8,70.4,6465,0.709,1
M00360,4,2026-04-02,47,0,127.3,138.3,26.1,67.8,7511,0.74,1
M00360,5,2026-04-29,47,0,127.3,140.9,31.5,76.8,5112,0.849,1
M00360,6,2026-05-29,47,0,107.7,121.4,28.7,77.6,5297,0.708,1
M00361,1,2025-12-31,59,0,119.4,109.3,28.7,66.9,6419,0.694,1
M00361,2,2026-02-03,59,0,135.4,113.5,22.3,71.2,5256,0.66,1
M00361,3,2026-02-28,59,0,113.6,151.9,28.2,70.4,6339,0.771,1
M00361,4,2026-03-31,59,0,105.4,140.4,29.1,71.3,6948,0.73,1
M00361,5,2026-05-02,59,0,107.6,138.7,30.5,78.0,6179,0.772,1
M00361,6,2026-05-30,59,0,133.4,134.6,28.2,70.8,5166,0.805,1
M00362,1,2026-01-02,56,0,134.7,118.9,26.1,80.6,5971,0.751,1
M00362,2,2026-01-31,56,0,119.9,124.3,30.0,80.0,5647,0.78,1
M00362,3,2026-03-03,56,0,145.5,129.0,34.0,71.5,5711,0.888,1
M00362,4,2026-03-29,56,0,139.6,127.1,30.7,77.6,4598,0.851,1
M00362,5,2026-05-01,56,0,146.9,135.9,29.1,81.0,4626,0.864,1
M00362,6,2026-06-03,56,0,122.7,147.3,29.2,78.3,4493,0.825,1
M00363,1,2026-01-01,34,1,90.6,111.7,21.7,66.8,7447,0.416,0
M00363,2,2026-02-03,34,1,83.0,95.5,22.9,77.5,8672,0.371,0
M00363,3,2026-03-05,34,1,105.2,113.6,21.5,84.0,7098,0.521,1
M00363,4,2026-03-31,34,1,92.8,134.9,25.5,53.9,6967,0.558,1
M00363,5,2026-05-01,34,1,107.5,118.5,23.3,66.7,6194,0.56,1
M00363,6,2026-06-02,34,1,112.3,119.6,22.0,63.2,7602,0.533,1
M00364,1,2025-12-30,28,1,80.5,122.1,24.9,56.6,5164,0.475,0
M00364,2,2026-02-01,28,1,98.8,129.1,22.5,58.9,5558,0.526,1
M00364,3,2026-03-04,28,1,105.7,129.7,24.8,77.7,7006,0.629,1
M00364,4,2026-04-01,28,1,98.5,121.7,24.3,78.5,6514,0.572,1
M00364,5,2026-05-04,28,1,119.1,128.6,24.5,76.7,7502,0.669,1
M00364,6,2026-05-31,28,1,128.3,115.5,30.2,68.0,7534,0.76,1
M00365,1,2026-01-01,71,0,95.6,121.3,27.8,63.5,6297,0.606,1
M00365,2,2026-02-01,71,0,110.5,120.0,26.9,74.5,5667,0.673,1
M00365,3,2026-02-28,71,0,104.7,125.5,28.9,76.8,5600,0.707,1
M00365,4,2026-03-31,71,0,132.7,129.8,27.7,84.2,6733,0.793,1
M00365,5,2026-05-03,71,0,131.6,138.8,26.7,73.8,4007,0.797,1
M00365,6,2026-06-01,71,0,138.2,125.5,26.8,78.6,5750,0.787,1
M00366,1,2025-12-29,43,1,133.9,135.3,33.4,87.7,3984,0.889,1
M00366,2,2026-01-30,43,1,125.9,136.8,31.8,93.7,4015,0.865,1
M00366,3,2026-03-04,43,1,135.0,148.6,30.9,74.3,3132,0.877,1
M00366,4,2026-04-02,43,1,162.9,135.1,29.9,91.6,3468,0.912,1
M00366,5,2026-05-03,43,1,156.5,142.2,33.9,108.5,4839,0.94,1
M00366,6,2026-05-31,43,1,169.0,164.3,29.0,88.9,2200,0.94,1
M00367,1,2026-01-02,31,1,109.5,131.5,28.3,79.8,7100,0.721,1
M00367,2,2026-02-01,31,1,104.6,123.1,27.5,80.5,5490,0.68,1
M00367,3,2026-03-05,31,1,137.7,150.6,28.6,75.7,5091,0.853,1
M00367,4,2026-04-01,31,1,132.7,127.0,29.6,73.1,5549,0.809,1
M00367,5,2026-05-04,31,1,146.0,140.9,28.2,73.6,6210,0.846,1
M00367,6,2026-06-01,31,1,159.9,153.1,28.6,87.9,7009,0.901,1
M00368,1,2026-01-01,74,0,105.1,130.3,32.0,86.3,5922,0.784,1
M00368,2,2026-02-02,74,0,119.4,135.5,30.2,84.6,4366,0.817,1
M00368,3,2026-02-28,74,0,141.8,147.2,29.1,88.9,5280,0.874,1
M00368,4,2026-03-29,74,0,135.8,142.4,29.1,58.7,4677,0.826,1
M00368,5,2026-04-29,74,0,143.5,140.7,26.6,64.4,3615,0.822,1
M00368,6,2026-05-30,74,0,146.2,127.8,29.0,77.5,4488,0.847,1
M00369,1,2026-01-02,51,1,107.6,108.2,26.2,77.0,7417,0.601,1
M00369,2,2026-02-03,51,1,114.1,114.2,25.3,68.4,7798,0.607,1
M00369,3,2026-03-01,51,1,114.7,128.9,20.6,61.7,6716,0.546,1
M00369,4,2026-04-01,51,1,116.6,117.9,24.9,68.5,7218,0.627,1
M00369,5,2026-05-01,51,1,114.8,108.8,26.1,67.2,7845,0.609,1
M00369,6,2026-06-02,51,1,82.3,127.3,25.2,67.3,5989,0.518,1
M00370,1,2025-12-31,27,0,85.3,106.9,21.8,62.5,6278,0.384,0
M00370,2,2026-02-01,27,0,111.4,112.6,25.3,71.3,7319,0.602,1
M00370,3,2026-03-02,27,0,116.5,117.3,22.9,59.0,7978,0.554,1
M00370,4,2026-04-01,27,0,119.9,112.8,22.2,67.1,6230,0.573,1
M00370,5,2026-05-01,27,0,99.9,115.5,24.7,64.4,5552,0.55,1
M00370,6,2026-05-30,27,0,125.5,123.9,28.0,70.5,6432,0.746,1
M00371,1,2025-12-30,43,1,99.4,112.8,21.0,64.4,6631,0.447,0
M00371,2,2026-01-28,43,1,88.2,96.4,25.1,65.4,8295,0.424,0
M00371,3,2026-02-27,43,1,105.4,122.9,23.0,69.6,9603,0.528,1
M00371,4,2026-04-02,43,1,112.3,131.2,20.5,80.4,7325,0.572,1
M00371,5,2026-05-04,43,1,107.3,111.4,22.6,58.7,6726,0.5,1
M00371,6,2026-06-02,43,1,103.6,110.6,27.4,60.7,6956,0.591,1
M00372,1,2026-01-01,53,1,108.1,117.7,24.7,71.1,9185,0.57,1
M00372,2,2026-01-28,53,1,89.1,109.4,20.3,74.1,5576,0.404,0
M00372,3,2026-02-27,53,1,123.4,94.9,25.8,74.4,7078,0.621,1
M00372,4,2026-03-29,53,1,115.0,121.0,24.5,67.0,5474,0.633,1
M00372,5,2026-04-28,53,1,109.7,107.0,23.0,55.2,7123,0.498,0
M00372,6,2026-05-30,53,1,108.7,118.3,28.9,80.1,7774,0.691,1
M00373,1,2025-12-31,72,1,111.8,109.9,25.5,76.2,6010,0.623,1
M00373,2,2026-02-03,72,1,119.2,133.3,25.5,82.5,5874,0.724,1
M00373,3,2026-02-28,72,1,137.4,131.3,28.2,65.2,4924,0.803,1
M00373,4,2026-03-29,72,1,124.9,117.1,29.8,67.1,7686,0.744,1
M00373,5,2026-04-30,72,1,135.3,132.3,25.7,75.8,4333,0.781,1
M00373,6,2026-05-28,72,1,132.9,126.4,26.7,62.3,4334,0.757,1
M00374,1,2025-12-29,60,0,91.1,125.1,31.6,76.0,6268,0.699,1
M00374,2,2026-01-29,60,0,109.6,129.8,29.8,77.6,4124,0.763,1
M00374,3,2026-03-04,60,0,127.0,109.2,31.8,73.8,4557,0.796,1
M00374,4,2026-03-29,60,0,120.1,132.9,26.0,75.7,4879,0.733,1
M00374,5,2026-05-01,60,0,127.2,146.5,28.7,69.8,5350,0.813,1
M00374,6,2026-06-01,60,0,131.4,136.4,28.0,79.0,4731,0.812,1
M00375,1,2025-12-31,44,1,120.7,122.5,25.7,86.4,7109,0.704,1
M00375,2,2026-01-31,44,1,110.7,124.2,27.3,78.2,4276,0.711,1
M00375,3,2026-03-01,44,1,125.2,106.3,28.3,82.7,5627,0.733,1
M00375,4,2026-03-29,44,1,113.9,134.5,26.6,74.0,6112,0.713,1
M00375,5,2026-05-02,44,1,135.3,128.1,28.0,69.2,6629,0.783,1
M00375,6,2026-05-30,44,1,134.3,126.9,27.9,73.8,5222,0.792,1
M00376,1,2026-01-01,70,1,122.6,131.3,29.1,75.6,7087,0.773,1
M00376,2,2026-01-30,70,1,123.3,127.5,27.0,79.3,5888,0.746,1
M00376,3,2026-03-02,70,1,120.6,128.2,26.6,72.9,6391,0.718,1
M00376,4,2026-04-03,70,1,144.9,137.4,29.3,79.4,5777,0.858,1
M00376,5,2026-05-04,70,1,139.3,139.3,28.2,73.9,4302,0.837,1
M00376,6,2026-05-28,70,1,133.9,133.0,30.6,75.7,5383,0.839,1
M00377,1,2025-12-29,63,1,115.7,115.2,25.8,80.8,5843,0.668,1
M00377,2,2026-01-28,63,1,108.4,116.8,28.5,72.4,5941,0.682,1
M00377,3,2026-03-04,63,1,120.6,111.7,28.8,78.7,6224,0.728,1
M00377,4,2026-03-31,63,1,99.0,105.0,25.6,83.1,5182,0.576,1
M00377,5,2026-04-30,63,1,135.5,128.2,27.8,82.4,6076,0.801,1
M00377,6,2026-05-31,63,1,138.6,129.6,24.1,63.1,5263,0.735,1
M00378,1,2026-01-04,75,0,118.8,124.8,21.9,65.5,7922,0.578,1
M00378,2,2026-02-01,75,0,119.3,127.3,26.1,65.5,6676,0.687,1
M00378,3,2026-03-01,75,0,98.3,126.6,22.9,70.7,7047,0.532,1
M00378,4,2026-03-29,75,0,99.1,143.6,27.7,87.1,5560,0.726,1
M00378,5,2026-05-01,75,0,126.7,119.1,25.7,78.7,5893,0.714,1
M00378,6,2026-05-29,75,0,130.9,127.2,27.5,80.5,4238,0.791,1
M00379,1,2025-12-31,74,1,82.5,126.2,22.1,71.4,7501,0.44,0
M00379,2,2026-01-29,74,1,112.7,121.6,28.4,73.5,6611,0.704,1
M00379,3,2026-03-03,74,1,94.5,134.5,24.0,65.0,6839,0.555,1
M00379,4,2026-03-30,74,1,120.1,135.3,23.0,55.9,5849,0.639,1
M00379,5,2026-05-02,74,1,120.0,111.4,27.8,70.8,5862,0.697,1
M00379,6,2026-05-31,74,1,112.3,126.3,24.5,69.5,8278,0.616,1
M00380,1,2026-01-03,37,1,92.7,116.2,20.9,59.9,6952,0.412,0
M00380,2,2026-02-01,37,1,96.2,116.7,24.4,53.6,9918,0.466,0
M00380,3,2026-02-27,37,1,99.5,99.5,20.6,69.3,8500,0.39,0
M00380,4,2026-04-01,37,1,83.0,122.6,24.0,76.0,8344,0.475,0
M00380,5,2026-05-03,37,1,108.0,128.7,20.4,66.6,5612,0.534,1
M00380,6,2026-05-30,37,1,121.0,90.0,24.3,80.8,7435,0.574,1
M00381,1,2026-01-03,44,0,72.3,99.7,20.7,65.9,8620,0.278,0
M00381,2,2026-01-29,44,0,81.2,130.9,26.0,65.8,7164,0.527,1
M00381,3,2026-02-27,44,0,94.0,111.3,23.3,76.5,7583,0.484,0
M00381,4,2026-03-30,44,0,96.7,107.6,22.9,74.0,8030,0.466,0
M00381,5,2026-05-03,44,0,99.3,129.3,21.2,66.4,7382,0.495,0
M00381,6,2026-06-03,44,0,99.4,109.6,25.4,67.5,8192,0.526,1
M00382,1,2025-12-31,45,1,87.1,110.9,27.7,86.0,4993,0.594,1
M00382,2,2026-02-03,45,1,125.9,137.0,29.2,65.8,6947,0.783,1
M00382,3,2026-03-03,45,1,135.1,138.3,27.8,70.5,4433,0.815,1
M00382,4,2026-03-30,45,1,122.4,124.1,26.2,73.1,5560,0.713,1
M00382,5,2026-04-28,45,1,125.8,110.6,28.6,65.0,6014,0.72,1
M00382,6,2026-05-31,45,1,139.1,136.1,30.0,80.0,5319,0.853,1
M00383,1,2025-12-29,60,0,82.9,113.3,25.0,80.9,7271,0.489,0
M00383,2,2026-02-01,60,0,97.3,120.6,22.4,82.8,6928,0.525,1
M00383,3,2026-03-05,60,0,123.9,95.3,25.1,75.4,8029,0.602,1
M00383,4,2026-03-29,60,0,108.9,118.5,27.8,74.8,6319,0.675,1
M00383,5,2026-04-29,60,0,119.2,123.7,23.6,77.0,6815,0.646,1
M00383,6,2026-05-30,60,0,127.5,118.5,24.9,66.3,7323,0.666,1
M00384,1,2025-12-29,36,1,120.3,146.1,30.3,100.4,6326,0.845,1
M00384,2,2026-01-31,36,1,134.2,127.9,31.1,95.3,4622,0.862,1
M00384,3,2026-03-02,36,1,149.4,147.7,31.4,80.1,4036,0.906,1
M00384,4,2026-04-01,36,1,134.2,147.7,29.9,88.7,4420,0.871,1
M00384,5,2026-05-04,36,1,132.4,155.8,29.0,74.7,4711,0.855,1
M00384,6,2026-06-02,36,1,147.4,148.7,25.6,68.9,4535,0.834,1
M00385,1,2026-01-01,64,0,114.6,134.1,27.3,92.3,6806,0.75,1
M00385,2,2026-01-31,64,0,111.7,119.1,24.0,67.8,6384,0.594,1
M00385,3,2026-03-02,64,0,110.6,135.3,28.0,77.3,6533,0.729,1
M00385,4,2026-04-01,64,0,113.2,122.6,24.4,70.0,5217,0.635,1
M00385,5,2026-04-29,64,0,120.2,116.6,25.5,84.2,6418,0.685,1
M00385,6,2026-05-30,64,0,110.1,140.1,30.1,72.9,6332,0.768,1
M00386,1,2025-12-30,36,0,102.4,103.7,26.1,86.6,7069,0.587,1
M00386,2,2026-01-31,36,0,105.3,115.8,27.2,83.0,7139,0.649,1
M00386,3,2026-03-01,36,0,118.0,120.9,24.8,83.5,7211,0.665,1
M00386,4,2026-04-01,36,0,111.1,121.4,26.2,64.2,6855,0.636,1
M00386,5,2026-04-28,36,0,124.1,127.5,26.7,63.1,4783,0.727,1
M00386,6,2026-05-28,36,0,147.9,112.1,25.4,79.8,6324,0.764,1
M00387,1,2026-01-04,46,1,122.6,138.1,29.8,72.4,7334,0.791,1
M00387,2,2026-01-29,46,1,115.0,129.9,27.3,73.6,6465,0.714,1
M00387,3,2026-03-03,46,1,129.1,128.4,24.2,70.6,4325,0.718,1
M00387,4,2026-03-29,46,1,133.4,99.1,27.0,92.7,5844,0.736,1
M00387,5,2026-05-03,46,1,128.2,119.9,25.8,75.6,5565,0.721,1
M00387,6,2026-05-31,46,1,153.7,133.3,33.3,79.7,6572,0.904,1
M00388,1,2026-01-03,30,0,104.5,119.7,24.4,87.5,7999,0.596,1
M00388,2,2026-02-02,30,0,97.1,117.6,23.2,62.4,7010,0.491,0
M00388,3,2026-03-05,30,0,82.1,112.8,23.9,85.9,5344,0.49,0
M00388,4,2026-03-31,30,0,106.6,112.4,21.7,60.1,8331,0.468,0
M00388,5,2026-04-29,30,0,110.2,114.7,23.4,57.4,6523,0.541,1
M00388,6,2026-06-02,30,0,111.2,132.6,22.0,77.7,7625,0.597,1
M00389,1,2026-01-01,38,1,100.9,123.6,24.6,68.1,7267,0.566,1
M00389,2,2026-02-02,38,1,109.0,122.3,26.1,80.4,8896,0.637,1
M00389,3,2026-02-28,38,1,115.2,130.7,27.8,65.3,8129,0.699,1
M00389,4,2026-03-31,38,1,112.3,120.7,23.9,90.2,7777,0.63,1
M00389,5,2026-05-04,38,1,104.7,117.9,27.8,73.2,6562,0.651,1
M00389,6,2026-05-30,38,1,113.1,113.8,24.1,78.4,6334,0.609,1
M00390,1,2026-01-04,48,1,96.9,133.0,23.2,69.7,9387,0.527,1
M00390,2,2026-02-03,48,1,90.4,119.7,28.0,68.9,5098,0.606,1
M00390,3,2026-02-27,48,1,92.8,108.9,22.0,73.4,9167,0.421,0
M00390,4,2026-04-02,48,1,104.1,131.9,22.9,80.8,5472,0.609,1
M00390,5,2026-04-28,48,1,108.2,100.2,26.2,73.3,9084,0.557,1
M00390,6,2026-05-31,48,1,128.9,122.0,21.1,75.6,6093,0.632,1
M00391,1,2026-01-04,31,0,114.8,123.6,24.9,53.5,8154,0.597,1
M00391,2,2026-01-28,31,0,110.9,122.6,27.4,69.2,6014,0.678,1
M00391,3,2026-03-03,31,0,128.8,133.4,22.9,69.5,8865,0.664,1
M00391,4,2026-04-02,31,0,115.8,111.7,27.3,78.7,7090,0.675,1
M00391,5,2026-04-28,31,0,118.6,114.7,23.6,66.4,6735,0.597,1
M00391,6,2026-06-02,31,0,107.4,140.2,29.3,75.3,6331,0.751,1
M00392,1,2026-01-02,63,0,128.0,127.1,29.1,83.7,5041,0.804,1
M00392,2,2026-02-02,63,0,107.4,128.0,28.3,77.6,6104,0.71,1
M00392,3,2026-03-05,63,0,137.1,137.6,27.5,92.8,6158,0.831,1
M00392,4,2026-04-01,63,0,123.4,128.8,29.8,68.0,6355,0.776,1
M00392,5,2026-05-03,63,0,127.4,131.9,31.6,70.6,3908,0.837,1
M00392,6,2026-06-03,63,0,122.0,135.9,28.4,79.6,4398,0.793,1
M00393,1,2025-12-31,34,1,99.1,127.6,23.2,60.4,7566,0.52,1
M00393,2,2026-02-01,34,1,100.6,116.9,24.2,81.2,7517,0.56,1
M00393,3,2026-03-01,34,1,102.3,126.1,22.8,79.1,6529,0.57,1
M00393,4,2026-04-02,34,1,134.5,119.5,25.6,72.6,5975,0.731,1
M00393,5,2026-04-30,34,1,105.2,125.1,23.5,64.4,7160,0.56,1
M00393,6,2026-05-29,34,1,121.8,156.7,29.1,76.8,7026,0.821,1
M00394,1,2026-01-02,27,0,116.1,121.7,31.3,69.2,7149,0.757,1
M00394,2,2026-01-28,27,0,129.5,121.1,26.6,80.2,6979,0.739,1
M00394,3,2026-03-03,27,0,143.7,129.9,26.9,78.2,4853,0.817,1
M00394,4,2026-03-29,27,0,136.5,120.5,26.6,75.3,6419,0.758,1
M00394,5,2026-05-04,27,0,125.1,150.6,29.8,80.5,4624,0.846,1
M00394,6,2026-05-30,27,0,142.5,140.0,25.3,82.4,6746,0.804,1
M00395,1,2026-01-01,35,1,114.4,122.3,29.9,91.2,4520,0.78,1
M00395,2,2026-01-28,35,1,121.3,125.4,26.5,72.0,6045,0.712,1
M00395,3,2026-03-03,35,1,116.9,137.7,23.3,83.7,4514,0.698,1
M00395,4,2026-04-03,35,1,114.7,126.7,26.0,79.9,5915,0.696,1
M00395,5,2026-05-02,35,1,133.0,138.2,27.3,81.0,5938,0.805,1
M00395,6,2026-05-28,35,1,146.1,139.2,35.4,75.7,4412,0.918,1
M00396,1,2026-01-04,39,0,138.8,137.7,27.3,88.3,4521,0.836,1
M00396,2,2026-01-28,39,0,109.6,143.4,31.2,89.4,3757,0.827,1
M00396,3,2026-02-27,39,0,126.7,126.6,30.1,92.3,5036,0.824,1
M00396,4,2026-04-03,39,0,127.1,127.1,30.5,88.9,3263,0.837,1
M00396,5,2026-05-02,39,0,121.6,131.2,29.1,80.6,4711,0.792,1
M00396,6,2026-05-29,39,0,147.9,135.1,35.4,84.7,4084,0.923,1
M00397,1,2026-01-04,58,1,99.6,111.5,22.4,72.4,6404,0.492,0
M00397,2,2026-01-28,58,1,112.1,113.7,26.8,72.7,7134,0.643,1
M00397,3,2026-02-28,58,1,122.2,122.6,23.1,69.3,6298,0.636,1
M00397,4,2026-04-02,58,1,120.0,118.0,29.2,67.9,6378,0.73,1
M00397,5,2026-05-01,58,1,122.8,115.7,24.4,62.4,6142,0.633,1
M00397,6,2026-06-03,58,1,133.3,125.3,26.0,67.8,6869,0.734,1
M00398,1,2025-12-29,58,1,138.2,124.7,26.2,60.8,8233,0.731,1
M00398,2,2026-02-01,58,1,108.0,128.5,25.0,66.8,8027,0.611,1
M00398,3,2026-03-04,58,1,115.6,110.8,21.8,69.9,6096,0.547,1
M00398,4,2026-04-04,58,1,102.3,107.8,23.4,76.6,6000,0.528,1
M00398,5,2026-04-30,58,1,96.1,130.3,24.6,64.5,7105,0.56,1
M00398,6,2026-06-02,58,1,119.6,126.5,26.1,69.9,6727,0.692,1
M00399,1,2025-12-29,56,0,126.6,125.5,27.3,91.6,5125,0.781,1
M00399,2,2026-01-31,56,0,120.7,133.6,25.6,74.6,4720,0.728,1
M00399,3,2026-03-04,56,0,118.9,139.9,27.9,82.6,5150,0.783,1
M00399,4,2026-03-30,56,0,119.4,145.4,29.8,86.2,4605,0.83,1
M00399,5,2026-04-28,56,0,166.3,138.0,28.5,78.1,3168,0.901,1
M00399,6,2026-06-01,56,0,142.0,148.7,25.7,62.4,6205,0.803,1
M00400,1,2026-01-01,50,1,103.1,130.0,25.5,72.6,5623,0.638,1
M00400,2,2026-02-02,50,1,114.5,103.6,24.8,67.5,7284,0.572,1
M00400,3,2026-03-04,50,1,100.8,116.8,26.1,73.3,5885,0.603,1
M00400,4,2026-04-03,50,1,101.0,115.1,26.0,67.6,8895,0.557,1
M00400,5,2026-05-01,50,1,122.3,114.3,23.0,65.8,6493,0.6,1
M00400,6,2026-05-29,50,1,118.6,128.5,24.3,64.0,6349,0.651,1
M00401,1,2026-01-04,49,0,109.9,112.8,23.3,69.1,6820,0.553,1
M00401,2,2026-02-01,49,0,109.4,112.9,21.8,69.8,8045,0.506,1
M00401,3,2026-02-28,49,0,108.6,103.3,26.0,63.3,7711,0.558,1
M00401,4,2026-03-29,49,0,137.4,129.4,25.4,73.2,8494,0.741,1
M00401,5,2026-05-02,49,0,107.7,114.8,23.4,68.5,5477,0.562,1
M00401,6,2026-05-30,49,0,116.1,154.5,26.3,92.2,8255,0.772,1
M00402,1,2025-12-30,40,0,104.8,125.8,27.3,64.1,8938,0.624,1
M00402,2,2026-01-31,40,0,103.2,124.9,25.3,64.3,6984,0.592,1
M00402,3,2026-03-03,40,0,95.4,130.1,27.7,76.7,5358,0.662,1
M00402,4,2026-04-02,40,0,104.3,125.3,28.9,69.8,5774,0.693,1
M00402,5,2026-04-30,40,0,106.6,149.9,24.1,70.7,5203,0.678,1
M00402,6,2026-05-31,40,0,125.3,141.4,26.2,68.2,5438,0.757,1
M00403,1,2025-12-31,75,0,110.2,106.1,28.0,61.4,7174,0.618,1
M00403,2,2026-02-02,75,0,107.0,117.3,27.9,78.4,6152,0.675,1
M00403,3,2026-03-02,75,0,93.5,125.2,27.7,65.5,6134,0.613,1
M00403,4,2026-04-01,75,0,102.3,131.3,25.3,86.7,6551,0.651,1
M00403,5,2026-05-03,75,0,131.1,113.7,26.2,77.9,6437,0.72,1
M00403,6,2026-05-31,75,0,121.9,106.2,29.4,77.5,6191,0.729,1
M00404,1,2026-01-03,41,0,130.0,148.8,26.7,62.9,6502,0.78,1
M00404,2,2026-02-01,41,0,137.4,123.4,27.8,82.9,6398,0.797,1
M00404,3,2026-03-04,41,0,131.9,127.4,29.0,79.4,5412,0.807,1
M00404,4,2026-03-30,41,0,141.4,136.7,28.0,82.8,4132,0.846,1
M00404,5,2026-05-02,41,0,126.7,132.9,29.4,86.3,5064,0.819,1
M00404,6,2026-05-29,41,0,134.1,143.9,30.1,85.2,4898,0.862,1
M00405,1,2026-01-02,58,1,120.5,119.4,22.3,71.2,5954,0.608,1
M00405,2,2026-01-28,58,1,115.9,121.0,28.1,70.0,7274,0.697,1
M00405,3,2026-03-03,58,1,104.3,118.1,23.5,74.1,7021,0.554,1
M00405,4,2026-03-29,58,1,126.4,126.7,26.6,63.9,7733,0.71,1
M00405,5,2026-04-28,58,1,112.9,124.1,24.4,63.3,5637,0.622,1
M00405,6,2026-05-31,58,1,138.7,132.8,26.3,68.0,8357,0.762,1
M00406,1,2026-01-01,35,0,114.8,124.1,27.2,86.2,7164,0.712,1
M00406,2,2026-02-02,35,0,126.8,145.9,26.9,84.2,7463,0.791,1
M00406,3,2026-03-01,35,0,106.3,122.6,26.0,64.5,4896,0.633,1
M00406,4,2026-04-04,35,0,133.7,130.5,26.1,81.5,6781,0.769,1
M00406,5,2026-05-01,35,0,107.9,113.6,25.3,63.2,6635,0.581,1
M00406,6,2026-06-02,35,0,109.7,119.5,26.1,85.7,4911,0.679,1
M00407,1,2025-12-31,45,0,83.6,134.8,22.6,62.0,6322,0.475,0
M00407,2,2026-01-29,45,0,114.8,114.8,20.3,79.3,6822,0.533,1
M00407,3,2026-03-02,45,0,87.9,124.4,26.8,61.6,7726,0.542,1
M00407,4,2026-03-31,45,0,90.4,112.6,26.3,79.6,6505,0.556,1
M00407,5,2026-05-04,45,0,122.7,130.0,28.1,62.9,7609,0.73,1
M00407,6,2026-05-31,45,0,122.1,130.6,25.8,66.1,4838,0.716,1
M00408,1,2026-01-04,41,1,106.2,126.8,24.3,78.8,5996,0.625,1
M00408,2,2026-01-30,41,1,108.1,109.3,26.2,74.4,5621,0.619,1
M00408,3,2026-03-05,41,1,117.6,131.9,27.3,77.3,5533,0.741,1
M00408,4,2026-03-31,41,1,134.4,139.0,28.8,67.8,5682,0.817,1
M00408,5,2026-05-03,41,1,111.6,136.3,26.2,70.0,5286,0.7,1
M00408,6,2026-06-01,41,1,121.5,122.2,30.2,89.5,5895,0.794,1
M00409,1,2026-01-02,38,1,108.9,121.4,23.9,68.8,7489,0.579,1
M00409,2,2026-02-02,38,1,120.6,115.0,25.8,69.6,6484,0.661,1
M00409,3,2026-02-27,38,1,128.3,113.9,26.7,85.7,7262,0.725,1
M00409,4,2026-04-01,38,1,129.6,138.1,26.3,64.9,5272,0.762,1
M00409,5,2026-04-28,38,1,106.0,132.5,27.8,76.0,7368,0.693,1
M00409,6,2026-06-03,38,1,125.6,121.7,24.5,91.3,6466,0.71,1
M00410,1,2025-12-29,38,0,97.7,111.0,23.6,63.4,8116,0.473,0
M00410,2,2026-02-02,38,0,100.5,123.4,27.8,61.1,6503,0.626,1
M00410,3,2026-03-04,38,0,116.1,114.4,23.1,74.9,5593,0.603,1
M00410,4,2026-03-30,38,0,117.4,123.1,24.3,74.7,6404,0.651,1
M00410,5,2026-04-29,38,0,110.2,126.0,26.6,68.3,7419,0.654,1
M00410,6,2026-05-28,38,0,101.2,125.8,24.5,64.5,5233,0.585,1
M00411,1,2025-12-29,69,1,90.0,100.0,21.9,61.0,9026,0.359,0
M00411,2,2026-02-02,69,1,113.8,112.0,20.2,69.4,7869,0.487,0
M00411,3,2026-03-01,69,1,91.5,102.3,24.4,64.0,7851,0.442,0
M00411,4,2026-04-02,69,1,107.2,128.7,21.4,80.6,8826,0.547,1
M00411,5,2026-04-30,69,1,100.7,120.6,19.5,45.8,8402,0.389,0
M00411,6,2026-05-28,69,1,110.6,109.7,20.9,62.0,7849,0.468,0
M00412,1,2026-01-01,67,1,128.2,131.2,28.9,88.5,6670,0.806,1
M00412,2,2026-01-31,67,1,116.3,113.8,28.3,85.2,6032,0.72,1
M00412,3,2026-03-05,67,1,130.0,128.8,25.8,60.9,4966,0.729,1
M00412,4,2026-03-29,67,1,136.6,130.3,28.0,74.7,4881,0.809,1
M00412,5,2026-05-01,67,1,124.2,125.2,30.2,74.7,4812,0.796,1
M00412,6,2026-05-28,67,1,129.1,135.5,27.2,79.5,3212,0.804,1
M00413,1,2025-12-30,41,0,94.6,125.9,22.2,82.3,4474,0.547,1
M00413,2,2026-02-02,41,0,98.4,122.7,22.7,73.2,6186,0.532,1
M00413,3,2026-03-01,41,0,126.5,118.2,25.9,59.3,5200,0.688,1
M00413,4,2026-04-04,41,0,121.8,112.2,27.4,69.9,5937,0.696,1
M00413,5,2026-05-03,41,0,115.8,118.9,25.1,86.6,6555,0.669,1
M00413,6,2026-06-03,41,0,129.1,125.7,25.8,70.7,6687,0.721,1
M00414,1,2026-01-03,47,0,97.4,108.6,21.8,73.4,8392,0.443,0
M00414,2,2026-01-30,47,0,111.6,125.4,25.6,69.7,6281,0.651,1
M00414,3,2026-03-03,47,0,123.9,132.7,26.7,83.6,6957,0.753,1
M00414,4,2026-04-01,47,0,103.2,140.1,25.5,65.4,6188,0.647,1
M00414,5,2026-04-28,47,0,101.1,125.9,24.7,71.4,6733,0.587,1
M00414,6,2026-06-02,47,0,122.4,116.9,26.1,85.3,6149,0.71,1
M00415,1,2026-01-03,31,0,106.4,119.7,23.0,62.7,6442,0.541,1
M00415,2,2026-01-28,31,0,110.1,118.5,24.0,77.0,5212,0.615,1
M00415,3,2026-03-01,31,0,116.0,127.1,22.7,63.6,7111,0.595,1
M00415,4,2026-04-02,31,0,94.7,125.9,25.3,83.5,7297,0.59,1
M00415,5,2026-05-02,31,0,119.4,123.9,28.0,85.5,7323,0.74,1
M00415,6,2026-06-03,31,0,122.5,134.0,26.1,62.8,4648,0.726,1
M00416,1,2026-01-02,36,1,101.3,120.7,18.7,58.4,6987,0.412,0
M00416,2,2026-02-02,36,1,104.9,110.6,21.5,67.9,7457,0.474,0
M00416,3,2026-03-02,36,1,104.2,90.0,22.6,76.6,7996,0.445,0
M00416,4,2026-04-04,36,1,88.2,129.1,21.7,72.6,8021,0.463,0
M00416,5,2026-04-30,36,1,98.3,127.8,22.4,67.2,7090,0.519,1
M00416,6,2026-05-28,36,1,106.2,107.5,25.5,87.4,6814,0.605,1
M00417,1,2025-12-29,46,1,90.2,91.5,20.5,74.4,7220,0.347,0
M00417,2,2026-01-30,46,1,101.4,123.7,25.9,77.9,7482,0.613,1
M00417,3,2026-02-28,46,1,104.0,128.1,21.5,53.2,6600,0.502,1
M00417,4,2026-03-31,46,1,109.3,130.8,25.2,67.6,7284,0.635,1
M00417,5,2026-05-02,46,1,105.0,127.6,23.6,59.6,7013,0.56,1
M00417,6,2026-05-30,46,1,124.1,124.1,24.8,59.8,6075,0.665,1
M00418,1,2025-12-31,41,0,110.0,93.8,20.1,48.3,10352,0.351,0
M00418,2,2026-01-30,41,0,87.8,127.0,20.9,75.4,8449,0.437,0
M00418,3,2026-02-28,41,0,100.0,107.5,20.8,62.7,7295,0.418,0
M00418,4,2026-04-01,41,0,105.9,99.6,23.4,64.0,7697,0.478,0
M00418,5,2026-05-04,41,0,124.7,96.2,22.0,53.0,6633,0.508,1
M00418,6,2026-06-03,41,0,100.2,124.7,23.0,52.0,6816,0.503,1
M00419,1,2026-01-02,61,1,87.6,126.1,28.0,82.0,5443,0.634,1
M00419,2,2026-01-28,61,1,120.0,116.9,27.0,83.2,7105,0.706,1
M00419,3,2026-03-01,61,1,131.3,104.4,27.9,79.4,5220,0.741,1
M00419,4,2026-04-02,61,1,130.4,141.0,26.5,77.8,7275,0.778,1
M00419,5,2026-05-04,61,1,107.9,143.4,26.6,81.3,7842,0.71,1
M00419,6,2026-05-31,61,1,117.4,119.2,27.9,66.3,6916,0.692,1
M00420,1,2026-01-03,40,1,118.0,123.8,28.0,60.6,6762,0.7,1
M00420,2,2026-02-03,40,1,106.1,108.7,27.6,77.5,5492,0.645,1
M00420,3,2026-02-28,40,1,126.4,132.2,25.1,70.3,6362,0.716,1
M00420,4,2026-04-04,40,1,121.1,117.8,29.2,80.5,7112,0.747,1
M00420,5,2026-05-03,40,1,111.1,124.5,27.2,87.5,4883,0.721,1
M00420,6,2026-05-31,40,1,114.8,113.4,24.2,68.2,5689,0.604,1
M00421,1,2026-01-04,50,0,121.9,133.9,26.2,80.7,6351,0.741,1
M00421,2,2026-01-29,50,0,153.1,146.9,32.5,75.2,4784,0.913,1
M00421,3,2026-03-05,50,0,145.8,140.8,31.5,82.9,5439,0.89,1
M00421,4,2026-03-30,50,0,126.0,133.6,29.3,74.9,4212,0.808,1
M00421,5,2026-05-04,50,0,134.2,136.7,32.9,86.5,3949,0.886,1
M00421,6,2026-05-31,50,0,132.3,145.2,27.8,82.2,3762,0.836,1
M00422,1,2025-12-30,42,1,93.8,118.4,24.0,70.2,8435,0.498,0
M00422,2,2026-01-31,42,1,73.0,90.0,22.2,58.4,7681,0.279,0
M00422,3,2026-02-27,42,1,100.8,104.6,20.0,54.7,9165,0.363,0
M00422,4,2026-03-29,42,1,106.5,117.2,23.4,67.5,8519,0.531,1
M00422,5,2026-04-30,42,1,112.9,122.7,21.9,69.8,7556,0.556,1
M00422,6,2026-05-31,42,1,92.9,122.4,24.0,72.0,7415,0.521,1
M00423,1,2026-01-03,69,0,101.5,100.8,21.2,79.0,7252,0.448,0
M00423,2,2026-02-03,69,0,111.8,124.1,21.9,78.3,7878,0.57,1
M00423,3,2026-03-03,69,0,120.1,107.7,25.6,70.4,6376,0.637,1
M00423,4,2026-03-30,69,0,118.4,136.2,24.4,59.3,8287,0.647,1
M00423,5,2026-05-03,69,0,119.3,127.9,27.3,77.5,8304,0.717,1
M00423,6,2026-06-03,69,0,112.3,126.4,29.4,65.7,5081,0.732,1
M00424,1,2026-01-03,61,0,102.2,110.3,24.9,61.0,6375,0.534,1
M00424,2,2026-01-29,61,0,96.2,126.8,24.9,70.6,5862,0.579,1
M00424,3,2026-03-01,61,0,115.1,120.7,25.8,71.0,7743,0.646,1
M00424,4,2026-04-03,61,0,125.4,128.0,25.0,76.2,7162,0.705,1
M00424,5,2026-05-01,61,0,112.2,112.7,26.1,75.5,6442,0.637,1
M00424,6,2026-06-02,61,0,114.2,126.3,24.5,78.7,7605,0.645,1
M00425,1,2026-01-03,54,0,79.7,115.9,22.7,60.6,7834,0.388,0
M00425,2,2026-02-01,54,0,100.9,101.1,22.5,59.3,8040,0.428,0
M00425,3,2026-02-27,54,0,104.6,101.9,23.7,70.4,6831,0.507,1
M00425,4,2026-04-04,54,0,86.5,115.2,26.1,49.6,8070,0.465,0
M00425,5,2026-05-02,54,0,100.2,103.4,25.3,62.6,8023,0.501,1
M00425,6,2026-05-30,54,0,135.5,123.4,23.3,54.7,6719,0.665,1
M00426,1,2025-12-29,40,0,134.5,138.3,25.9,77.8,6313,0.783,1
M00426,2,2026-01-30,40,0,137.0,137.7,30.1,77.2,4445,0.854,1
M00426,3,2026-03-02,40,0,138.2,134.9,29.0,68.2,4375,0.831,1
M00426,4,2026-03-31,40,0,123.1,127.2,31.7,74.9,4494,0.82,1
M00426,5,2026-04-28,40,0,124.5,138.1,30.1,81.5,5188,0.825,1
M00426,6,2026-06-03,40,0,116.0,138.7,27.9,79.0,5901,0.761,1
M00427,1,2026-01-02,39,1,98.5,119.5,27.9,73.0,7133,0.626,1
M00427,2,2026-01-28,39,1,104.1,110.9,27.5,78.8,7171,0.629,1
M00427,3,2026-03-04,39,1,110.3,119.6,26.2,66.8,5557,0.644,1
M00427,4,2026-04-03,39,1,128.0,122.0,24.2,65.1,5732,0.677,1
M00427,5,2026-04-29,39,1,132.1,112.4,24.5,66.9,7120,0.665,1
M00427,6,2026-05-31,39,1,116.3,119.2,28.9,65.5,6058,0.713,1
M00428,1,2026-01-01,48,0,113.4,114.3,23.6,70.3,6663,0.582,1
M00428,2,2026-01-30,48,0,112.4,124.0,27.1,73.8,6445,0.686,1
M00428,3,2026-02-27,48,0,93.7,111.4,26.7,62.5,7105,0.536,1
M00428,4,2026-03-29,48,0,99.6,115.0,27.1,80.4,9570,0.591,1
M00428,5,2026-05-03,48,0,111.0,121.5,25.4,65.1,6571,0.622,1
M00428,6,2026-05-29,48,0,107.2,112.3,22.2,67.6,7121,0.508,1
M00429,1,2025-12-31,53,0,135.3,141.2,32.4,84.0,7025,0.873,1
M00429,2,2026-02-01,53,0,130.3,125.5,28.2,64.9,5946,0.763,1
M00429,3,2026-03-05,53,0,119.9,141.3,25.2,80.0,3729,0.753,1
M00429,4,2026-03-30,53,0,118.8,140.1,29.1,79.0,3195,0.808,1
M00429,5,2026-05-03,53,0,146.3,139.8,30.1,75.2,4203,0.876,1
M00429,6,2026-05-28,53,0,161.4,134.7,32.7,81.7,4696,0.919,1
M00430,1,2025-12-31,41,1,97.9,123.1,28.1,80.2,6781,0.654,1
M00430,2,2026-02-02,41,1,134.9,131.3,30.5,77.9,6555,0.833,1
M00430,3,2026-03-02,41,1,96.2,128.5,27.9,74.0,4291,0.669,1
M00430,4,2026-04-02,41,1,94.5,139.6,22.2,59.8,6004,0.528,1
M00430,5,2026-04-30,41,1,107.1,137.7,28.3,62.2,4901,0.718,1
M00430,6,2026-05-31,41,1,136.2,131.8,25.8,90.1,5125,0.797,1
M00431,1,2026-01-03,44,1,117.0,111.1,23.2,70.9,3514,0.612,1
M00431,2,2026-01-29,44,1,95.0,121.3,22.8,75.3,5670,0.524,1
M00431,3,2026-03-04,44,1,100.1,115.5,26.2,67.7,7024,0.576,1
M00431,4,2026-04-02,44,1,114.6,139.2,30.4,82.4,6843,0.795,1
M00431,5,2026-05-01,44,1,114.6,138.3,25.6,84.7,6001,0.724,1
M00431,6,2026-05-29,44,1,124.4,115.5,28.8,68.3,5375,0.74,1
M00432,1,2026-01-04,50,1,125.9,108.9,27.6,73.3,3897,0.728,1
M00432,2,2026-02-03,50,1,104.3,121.8,28.8,72.1,6705,0.678,1
M00432,3,2026-03-03,50,1,125.6,135.5,28.8,81.7,6338,0.799,1
M00432,4,2026-03-31,50,1,113.1,124.8,27.2,83.4,6329,0.71,1
M00432,5,2026-05-03,50,1,123.9,124.4,27.9,78.0,6223,0.751,1
M00432,6,2026-06-01,50,1,138.0,114.5,30.5,75.8,4751,0.821,1
M00433,1,2025-12-31,35,1,87.0,113.0,19.9,46.4,8148,0.323,0
M00433,2,2026-02-01,35,1,102.7,90.0,20.6,69.7,8707,0.376,0
M00433,3,2026-03-01,35,1,73.4,115.7,22.6,74.3,8653,0.376,0
M00433,4,2026-03-31,35,1,90.6,123.4,19.6,61.2,8652,0.383,0
M00433,5,2026-04-29,35,1,90.4,98.9,20.0,69.4,6978,0.353,0
M00433,6,2026-05-28,35,1,80.7,99.2,21.5,59.7,7079,0.325,0
M00434,1,2025-12-29,46,1,114.4,109.4,23.5,74.5,7703,0.569,1
M00434,2,2026-02-01,46,1,91.9,107.9,22.5,75.0,7108,0.448,0
M00434,3,2026-03-05,46,1,82.4,90.0,25.6,68.4,9276,0.388,0
M00434,4,2026-03-29,46,1,110.8,112.7,25.5,66.1,7734,0.59,1
M00434,5,2026-05-02,46,1,87.1,112.6,22.4,60.3,7356,0.406,0
M00434,6,2026-06-02,46,1,116.7,108.3,25.1,65.3,6450,0.604,1
M00435,1,2026-01-01,38,0,111.5,130.3,27.2,69.4,5564,0.701,1
M00435,2,2026-01-31,38,0,103.6,127.2,23.5,72.3,7658,0.57,1
M00435,3,2026-02-28,38,0,122.2,114.5,28.9,67.2,5950,0.725,1
M00435,4,2026-04-03,38,0,101.0,125.6,27.5,66.4,6109,0.642,1
M00435,5,2026-05-03,38,0,111.0,115.0,23.3,80.1,6612,0.586,1
M00435,6,2026-05-29,38,0,119.5,123.7,24.8,72.8,4864,0.68,1
M00436,1,2025-12-31,36,1,101.5,118.2,27.2,72.2,6816,0.623,1
M00436,2,2026-01-29,36,1,92.8,120.8,25.7,67.4,7926,0.54,1
M00436,3,2026-03-02,36,1,117.9,106.6,22.5,69.4,5874,0.562,1
M00436,4,2026-04-03,36,1,117.4,101.8,23.7,72.0,6166,0.575,1
M00436,5,2026-05-04,36,1,119.3,120.1,23.7,87.8,6368,0.66,1
M00436,6,2026-05-29,36,1,120.2,117.9,22.5,63.4,7129,0.581,1
M00437,1,2026-01-03,60,1,95.4,116.3,30.6,72.2,6135,0.667,1
M00437,2,2026-01-30,60,1,98.5,130.6,22.8,66.0,5584,0.55,1
M00437,3,2026-03-03,60,1,118.6,143.4,26.1,60.2,6258,0.718,1
M00437,4,2026-04-02,60,1,132.0,119.6,22.9,73.0,5490,0.676,1
M00437,5,2026-05-04,60,1,130.1,112.5,28.4,83.4,6462,0.76,1
M00437,6,2026-05-30,60,1,126.2,131.1,25.1,85.6,6463,0.737,1
M00438,1,2025-12-30,69,0,108.3,131.6,28.9,67.0,7145,0.706,1
M00438,2,2026-02-01,69,0,131.4,129.4,27.5,66.8,8510,0.747,1
M00438,3,2026-03-05,69,0,130.3,139.1,27.5,66.1,6478,0.779,1
M00438,4,2026-03-29,69,0,114.5,131.5,24.4,78.5,5218,0.68,1
M00438,5,2026-05-03,69,0,113.7,136.8,26.1,63.9,5243,0.699,1
M00438,6,2026-06-02,69,0,124.5,118.7,28.6,67.3,6097,0.737,1
M00439,1,2026-01-01,54,1,130.6,121.3,26.6,80.6,5541,0.754,1
M00439,2,2026-02-01,54,1,119.0,137.1,29.6,84.1,5910,0.799,1
M00439,3,2026-02-28,54,1,119.1,114.9,27.5,62.4,7630,0.667,1
M00439,4,2026-04-04,54,1,132.5,131.8,28.8,77.5,7308,0.799,1
M00439,5,2026-04-30,54,1,126.0,131.6,29.9,70.9,4286,0.808,1
M00439,6,2026-05-31,54,1,135.7,124.4,24.9,78.5,5016,0.75,1
M00440,1,2025-12-29,75,0,116.1,119.4,22.9,71.3,6664,0.595,1
M00440,2,2026-02-03,75,0,104.5,108.6,24.0,86.0,5019,0.582,1
M00440,3,2026-03-01,75,0,112.4,127.8,28.5,87.4,6000,0.748,1
M00440,4,2026-03-30,75,0,122.1,136.9,26.5,71.1,4396,0.754,1
M00440,5,2026-04-30,75,0,130.1,136.3,30.7,79.4,6775,0.833,1
M00440,6,2026-06-01,75,0,134.2,119.6,27.4,79.1,5022,0.777,1
M00441,1,2025-12-30,50,0,130.4,110.1,27.2,84.5,6606,0.736,1
M00441,2,2026-02-02,50,0,109.1,131.4,24.9,91.1,8185,0.664,1
M00441,3,2026-03-04,50,0,131.8,121.3,27.3,77.8,5640,0.765,1
M00441,4,2026-03-31,50,0,110.4,137.4,28.3,75.3,6284,0.737,1
M00441,5,2026-04-30,50,0,147.4,117.7,28.5,77.8,6092,0.819,1
M00441,6,2026-05-30,50,0,118.6,127.6,25.3,80.0,4456,0.711,1
M00442,1,2025-12-30,46,0,120.0,133.5,26.7,70.7,7302,0.719,1
M00442,2,2026-02-02,46,0,121.0,125.3,25.3,69.4,6074,0.683,1
M00442,3,2026-03-03,46,0,103.5,131.6,29.0,84.1,4596,0.739,1
M00442,4,2026-04-04,46,0,131.5,116.5,26.4,77.1,5995,0.734,1
M00442,5,2026-04-28,46,0,100.9,130.5,26.8,89.2,5660,0.685,1
M00442,6,2026-05-29,46,0,125.2,124.8,26.8,79.5,3282,0.763,1
M00443,1,2025-12-29,53,0,95.9,117.2,28.3,78.8,6892,0.631,1
M00443,2,2026-02-01,53,0,130.7,125.4,28.2,71.0,7350,0.762,1
M00443,3,2026-03-03,53,0,124.6,114.3,26.3,71.5,6679,0.687,1
M00443,4,2026-04-03,53,0,142.4,128.5,27.5,70.3,6527,0.8,1
M00443,5,2026-04-30,53,0,125.1,126.7,26.3,76.4,5767,0.736,1
M00443,6,2026-05-31,53,0,116.0,132.2,29.6,67.6,5209,0.764,1
M00444,1,2025-12-29,70,1,111.4,125.3,25.1,91.6,5696,0.684,1
M00444,2,2026-01-29,70,1,114.3,126.3,25.8,71.2,6962,0.665,1
M00444,3,2026-03-01,70,1,102.0,135.1,28.5,77.2,5862,0.713,1
M00444,4,2026-03-31,70,1,121.0,134.6,28.4,73.5,6554,0.764,1
M00444,5,2026-05-03,70,1,93.9,128.8,32.7,83.0,5479,0.755,1
M00444,6,2026-05-28,70,1,131.8,149.3,26.7,55.5,5085,0.787,1
M00445,1,2025-12-31,34,1,137.8,127.0,31.6,97.9,4789,0.874,1
M00445,2,2026-01-28,34,1,132.1,144.9,31.7,80.7,4902,0.872,1
M00445,3,2026-03-04,34,1,144.3,134.3,30.3,67.4,4326,0.858,1
M00445,4,2026-04-02,34,1,142.6,136.9,32.7,78.6,4656,0.891,1
M00445,5,2026-05-03,34,1,129.3,135.1,28.8,74.1,5060,0.807,1
M00445,6,2026-06-02,34,1,136.3,138.9,29.5,77.7,3269,0.854,1
M00446,1,2025-12-30,27,1,86.2,120.6,23.7,73.8,7582,0.479,0
M00446,2,2026-01-31,27,1,96.2,99.6,26.0,63.3,8993,0.478,0
M00446,3,2026-03-04,27,1,112.4,120.8,23.7,65.4,5526,0.6,1
M00446,4,2026-04-02,27,1,108.3,111.1,24.3,70.0,6869,0.563,1
M00446,5,2026-04-30,27,1,105.3,124.2,22.2,67.5,7023,0.536,1
M00446,6,2026-06-01,27,1,130.1,104.5,26.2,73.3,6118,0.689,1
M00447,1,2026-01-04,72,1,101.0,107.8,21.9,64.4,7502,0.45,0
M00447,2,2026-02-03,72,1,74.4,113.7,24.7,63.5,7697,0.407,0
M00447,3,2026-02-28,72,1,97.8,116.7,23.2,63.3,6763,0.496,0
M00447,4,2026-03-30,72,1,80.5,119.2,25.5,68.2,8909,0.466,0
M00447,5,2026-05-02,72,1,105.2,114.7,19.4,72.4,9051,0.433,0
M00447,6,2026-05-29,72,1,128.2,112.9,21.5,58.5,8370,0.557,1
M00448,1,2026-01-01,48,0,83.8,142.5,22.2,75.9,7708,0.504,1
M00448,2,2026-02-02,48,0,103.8,117.6,27.3,59.5,7269,0.604,1
M00448,3,2026-02-27,48,0,95.3,114.4,25.6,72.5,7598,0.542,1
M00448,4,2026-03-30,48,0,91.8,110.0,26.4,74.2,8046,0.53,1
M00448,5,2026-05-03,48,0,117.4,121.3,29.3,78.5,5988,0.75,1
M00448,6,2026-05-29,48,0,92.6,113.7,20.7,68.3,4994,0.435,0
M00449,1,2025-12-31,67,1,97.1,117.0,24.3,70.4,7735,0.523,1
M00449,2,2026-02-01,67,1,110.4,105.7,25.7,73.4,5739,0.604,1
M00449,3,2026-03-04,67,1,110.1,113.9,24.2,79.3,6642,0.597,1
M00449,4,2026-03-31,67,1,96.1,120.2,24.0,87.8,5826,0.576,1
M00449,5,2026-04-29,67,1,109.3,112.6,26.6,79.3,6654,0.642,1
M00449,6,2026-05-31,67,1,141.4,150.1,26.8,81.4,6066,0.842,1
M00450,1,2026-01-01,74,1,83.0,114.9,21.5,68.3,8441,0.381,0
M00450,2,2026-01-28,74,1,120.0,109.8,29.1,72.9,7182,0.71,1
M00450,3,2026-03-05,74,1,97.9,112.6,26.2,64.4,9170,0.53,1
M00450,4,2026-04-01,74,1,138.2,128.6,21.5,59.3,7166,0.658,1
M00450,5,2026-05-03,74,1,98.3,115.8,31.7,73.1,8261,0.683,1
M00450,6,2026-06-01,74,1,133.6,114.0,22.2,94.4,6443,0.683,1
M00451,1,2025-12-29,68,1,79.5,115.9,26.4,87.0,5467,0.544,1
M00451,2,2026-02-03,68,1,116.4,126.6,28.8,75.6,6338,0.742,1
M00451,3,2026-03-01,68,1,109.6,117.0,24.9,90.0,4989,0.655,1
M00451,4,2026-03-30,68,1,99.6,123.5,23.9,81.0,6521,0.577,1
M00451,5,2026-05-04,68,1,111.4,135.6,25.6,99.8,5206,0.737,1
M00451,6,2026-05-30,68,1,126.5,148.0,26.5,79.3,4358,0.801,1
M00452,1,2025-12-31,52,0,115.9,123.4,26.0,83.4,7210,0.686,1
M00452,2,2026-01-31,52,0,116.3,117.1,26.0,68.3,5315,0.663,1
M00452,3,2026-03-01,52,0,123.1,124.4,28.4,71.3,7584,0.737,1
M00452,4,2026-03-30,52,0,111.1,127.9,27.4,82.8,5667,0.719,1
M00452,5,2026-04-30,52,0,136.4,123.6,26.7,75.8,5803,0.771,1
M00452,6,2026-06-02,52,0,117.1,143.3,24.3,66.5,6709,0.684,1
M00453,1,2025-12-30,71,1,90.1,123.8,22.6,71.4,6396,0.488,0
M00453,2,2026-01-28,71,1,107.7,105.4,23.6,50.7,6164,0.497,0
M00453,3,2026-03-03,71,1,109.7,122.1,22.8,61.2,6833,0.551,1
M00453,4,2026-03-29,71,1,98.4,118.2,24.4,63.2,7612,0.521,1
M00453,5,2026-05-04,71,1,105.8,122.4,27.7,61.9,6450,0.647,1
M00453,6,2026-05-30,71,1,131.5,120.0,22.8,73.3,6669,0.662,1
M00454,1,2025-12-29,35,1,70.0,115.9,22.8,81.7,7540,0.39,0
M00454,2,2026-01-29,35,1,104.6,103.4,22.6,74.5,7538,0.488,0
M00454,3,2026-03-04,35,1,111.7,117.2,24.0,60.1,8513,0.554,1
M00454,4,2026-04-02,35,1,108.7,106.8,25.1,62.8,6987,0.554,1
M00454,5,2026-05-02,35,1,101.9,107.9,28.1,65.6,5310,0.615,1
M00454,6,2026-05-31,35,1,96.4,108.0,26.2,80.6,7201,0.56,1
M00455,1,2025-12-29,42,0,107.5,114.6,27.4,73.4,8079,0.633,1
M00455,2,2026-01-30,42,0,81.4,102.7,23.2,79.6,7524,0.407,0
M00455,3,2026-03-03,42,0,112.3,106.6,27.9,86.1,6234,0.679,1
M00455,4,2026-04-01,42,0,124.9,117.5,28.1,76.8,7121,0.735,1
M00455,5,2026-04-29,42,0,115.6,129.9,25.0,63.3,6748,0.653,1
M00455,6,2026-05-28,42,0,105.3,132.5,23.7,57.5,6176,0.582,1
M00456,1,2026-01-03,63,0,124.0,124.0,22.9,69.8,7910,0.628,1
M00456,2,2026-01-30,63,0,115.2,128.1,21.0,73.2,8213,0.564,1
M00456,3,2026-03-05,63,0,106.6,128.8,24.1,66.8,8225,0.583,1
M00456,4,2026-03-31,63,0,108.5,105.9,25.9,62.3,7573,0.562,1
M00456,5,2026-04-28,63,0,105.6,133.0,20.5,53.9,7887,0.49,0
M00456,6,2026-05-29,63,0,92.5,134.4,24.7,75.0,6720,0.582,1
M00457,1,2026-01-04,38,1,120.1,101.2,22.8,61.1,5926,0.544,1
M00457,2,2026-02-02,38,1,118.9,129.1,22.9,78.8,7415,0.643,1
M00457,3,2026-02-27,38,1,101.1,123.6,26.3,67.6,8604,0.59,1
M00457,4,2026-03-29,38,1,104.1,120.1,24.5,57.7,7367,0.546,1
M00457,5,2026-04-29,38,1,115.7,116.1,26.0,71.3,6333,0.653,1
M00457,6,2026-05-30,38,1,93.4,117.0,25.2,68.6,7477,0.527,1
M00458,1,2026-01-01,47,1,80.3,118.1,22.9,76.4,10035,0.41,0
M00458,2,2026-02-03,47,1,92.5,122.8,20.8,48.1,7733,0.398,0
M00458,3,2026-02-27,47,1,106.2,103.6,19.6,64.2,7080,0.413,0
M00458,4,2026-03-29,47,1,103.7,116.1,22.8,63.9,6368,0.517,1
M00458,5,2026-05-02,47,1,117.4,111.0,19.5,79.6,6003,0.525,1
M00458,6,2026-05-28,47,1,105.3,122.4,22.4,79.5,5275,0.575,1
M00459,1,2026-01-03,67,0,113.6,143.1,27.9,74.8,6598,0.752,1
M00459,2,2026-02-02,67,0,109.3,131.3,23.8,74.2,6946,0.622,1
M00459,3,2026-02-27,67,0,132.0,123.9,24.7,85.5,6066,0.736,1
M00459,4,2026-04-03,67,0,108.3,111.7,30.0,92.0,5852,0.73,1
M00459,5,2026-04-28,67,0,137.4,127.5,28.9,63.7,5799,0.8,1
M00459,6,2026-05-31,67,0,139.2,132.1,29.1,66.7,6009,0.819,1
M00460,1,2026-01-04,57,0,119.5,116.3,25.0,67.3,6640,0.639,1
M00460,2,2026-02-02,57,0,116.0,116.7,28.3,52.2,6404,0.668,1
M00460,3,2026-03-04,57,0,99.7,146.9,25.9,67.8,6288,0.664,1
M00460,4,2026-03-31,57,0,120.5,142.9,25.9,85.5,4927,0.769,1
M00460,5,2026-05-03,57,0,112.7,116.7,29.0,76.3,6213,0.71,1
M00460,6,2026-05-29,57,0,133.7,127.6,27.7,64.4,5924,0.77,1
M00461,1,2026-01-03,41,0,96.9,120.2,28.0,76.4,8097,0.621,1
M00461,2,2026-02-01,41,0,94.0,121.1,23.8,70.3,5790,0.529,1
M00461,3,2026-03-05,41,0,106.4,116.4,23.7,63.3,6545,0.547,1
M00461,4,2026-04-04,41,0,126.2,126.0,25.8,78.2,6423,0.726,1
M00461,5,2026-04-29,41,0,133.5,131.8,25.4,78.1,6600,0.756,1
M00461,6,2026-05-30,41,0,123.8,126.8,27.8,78.7,6679,0.752,1
M00462,1,2025-12-31,57,0,117.7,123.0,28.4,90.2,5462,0.76,1
M00462,2,2026-02-01,57,0,101.1,121.8,31.8,69.5,5901,0.725,1
M00462,3,2026-02-28,57,0,107.6,125.2,30.6,76.1,6678,0.737,1
M00462,4,2026-03-29,57,0,108.4,128.4,25.7,84.3,7299,0.665,1
M00462,5,2026-05-04,57,0,136.5,128.7,26.9,73.5,6529,0.777,1
M00462,6,2026-06-03,57,0,135.3,139.5,27.9,86.2,5198,0.833,1
M00463,1,2025-12-29,54,0,106.1,117.2,22.8,60.5,8277,0.506,1
M00463,2,2026-02-03,54,0,108.1,107.5,22.9,69.4,6833,0.52,1
M00463,3,2026-03-03,54,0,113.5,113.8,22.6,73.1,7433,0.557,1
M00463,4,2026-04-02,54,0,109.8,135.7,24.6,59.4,8829,0.608,1
M00463,5,2026-05-03,54,0,124.5,112.9,23.2,66.4,6246,0.614,1
M00463,6,2026-05-30,54,0,97.9,131.5,24.4,67.5,6053,0.583,1
M00464,1,2026-01-01,43,0,96.4,105.8,21.7,84.2,8672,0.446,0
M00464,2,2026-02-01,43,0,102.3,108.0,25.4,67.2,7661,0.539,1
M00464,3,2026-03-02,43,0,117.7,104.8,28.1,69.4,5992,0.673,1
M00464,4,2026-04-01,43,0,108.3,122.3,28.9,56.2,5980,0.674,1
M00464,5,2026-04-28,43,0,101.4,114.7,26.1,66.3,6801,0.577,1
M00464,6,2026-05-31,43,0,106.5,118.0,24.2,73.0,5603,0.591,1
M00465,1,2026-01-01,62,0,124.9,128.8,26.4,73.7,5752,0.736,1
M00465,2,2026-02-03,62,0,115.6,148.8,30.3,65.2,8114,0.784,1
M00465,3,2026-02-28,62,0,126.4,123.8,29.9,60.4,6651,0.762,1
M00465,4,2026-04-01,62,0,133.9,120.6,30.6,84.8,4743,0.832,1
M00465,5,2026-04-28,62,0,117.4,134.8,27.4,71.9,5480,0.741,1
M00465,6,2026-06-01,62,0,124.8,125.2,28.1,83.2,3046,0.79,1
M00466,1,2025-12-31,30,0,93.2,117.3,22.7,63.8,7613,0.459,0
M00466,2,2026-01-29,30,0,89.9,111.8,25.3,63.8,6548,0.497,0
M00466,3,2026-03-05,30,0,96.6,103.5,22.5,67.0,5743,0.454,0
M00466,4,2026-03-31,30,0,101.5,116.1,28.0,62.7,8184,0.602,1
M00466,5,2026-05-04,30,0,95.2,115.9,23.3,59.9,6705,0.479,0
M00466,6,2026-05-29,30,0,127.3,119.5,24.1,69.7,7249,0.66,1
M00467,1,2025-12-30,40,0,104.5,119.5,26.3,65.2,6171,0.612,1
M00467,2,2026-01-30,40,0,113.9,106.5,25.8,79.1,4866,0.643,1
M00467,3,2026-03-03,40,0,92.8,137.3,29.4,80.4,5974,0.704,1
M00467,4,2026-03-31,40,0,139.6,135.6,25.7,83.1,7303,0.79,1
M00467,5,2026-04-28,40,0,96.2,126.4,25.3,52.4,5393,0.558,1
M00467,6,2026-06-01,40,0,130.7,110.0,26.7,82.7,4953,0.739,1
M00468,1,2026-01-02,70,1,102.8,131.7,28.1,80.7,5933,0.704,1
M00468,2,2026-02-03,70,1,135.6,111.9,27.8,78.6,6718,0.758,1
M00468,3,2026-02-27,70,1,111.1,127.8,28.0,73.3,5320,0.715,1
M00468,4,2026-04-01,70,1,133.6,129.7,24.6,61.3,6809,0.709,1
M00468,5,2026-04-30,70,1,121.6,127.2,29.2,79.7,4888,0.783,1
M00468,6,2026-05-31,70,1,127.3,130.9,28.8,71.6,6007,0.784,1
M00469,1,2025-12-30,57,0,116.7,103.2,28.6,72.7,6309,0.678,1
M00469,2,2026-01-29,57,0,113.5,119.8,26.0,73.0,6464,0.656,1
M00469,3,2026-03-04,57,0,121.8,123.1,25.6,79.9,5773,0.707,1
M00469,4,2026-04-03,57,0,106.3,122.0,27.0,77.5,6363,0.662,1
M00469,5,2026-05-02,57,0,106.3,117.8,23.5,57.6,4850,0.552,1
M00469,6,2026-06-03,57,0,128.5,153.0,27.0,71.5,6037,0.803,1
M00470,1,2026-01-03,68,0,112.6,114.6,26.8,70.1,6021,0.653,1
M00470,2,2026-02-03,68,0,121.8,109.4,29.6,76.1,7953,0.723,1
M00470,3,2026-03-02,68,0,132.9,123.8,25.0,79.9,6580,0.732,1
M00470,4,2026-04-04,68,0,110.4,155.6,29.2,70.1,5984,0.787,1
M00470,5,2026-04-28,68,0,139.0,125.2,30.6,65.1,6471,0.821,1
M00470,6,2026-05-28,68,0,136.7,123.6,29.4,76.0,5547,0.814,1
M00471,1,2025-12-30,44,0,80.2,103.8,21.2,67.6,5802,0.356,0
M00471,2,2026-02-02,44,0,108.8,102.6,24.6,59.2,7638,0.518,1
M00471,3,2026-02-28,44,0,89.7,97.9,23.4,57.5,7371,0.393,0
M00471,4,2026-03-29,44,0,110.1,113.6,23.5,68.6,7679,0.551,1
M00471,5,2026-05-03,44,0,97.8,116.5,25.5,67.6,7620,0.547,1
M00471,6,2026-06-03,44,0,99.2,127.9,24.9,61.0,8357,0.554,1
M00472,1,2026-01-03,55,1,110.7,106.5,23.5,79.2,4601,0.583,1
M00472,2,2026-01-30,55,1,101.2,116.3,27.2,69.5,7553,0.604,1
M00472,3,2026-03-03,55,1,128.6,125.3,24.9,74.2,6768,0.706,1
M00472,4,2026-03-30,55,1,108.8,127.2,28.0,83.2,6543,0.712,1
M00472,5,2026-05-03,55,1,115.8,110.9,25.3,69.1,6954,0.614,1
M00472,6,2026-05-29,55,1,113.3,139.7,24.3,58.7,3831,0.672,1
M00473,1,2026-01-02,53,0,83.4,114.0,28.7,74.9,6090,0.576,1
M00473,2,2026-02-03,53,0,104.6,133.4,21.9,64.8,7364,0.544,1
M00473,3,2026-02-28,53,0,94.1,121.3,29.0,64.1,6196,0.628,1
M00473,4,2026-03-29,53,0,122.0,130.3,25.0,70.7,4514,0.711,1
M00473,5,2026-05-02,53,0,122.7,130.7,24.7,77.0,6926,0.698,1
M00473,6,2026-05-28,53,0,131.8,126.2,26.0,84.0,4874,0.769,1
M00474,1,2026-01-04,25,1,123.8,100.3,23.7,63.6,7786,0.565,1
M00474,2,2026-01-30,25,1,85.9,107.9,26.2,73.1,7994,0.491,0
M00474,3,2026-02-27,25,1,100.5,108.3,23.8,65.7,8998,0.48,0
M00474,4,2026-04-01,25,1,97.9,113.0,22.8,70.3,7887,0.48,0
M00474,5,2026-05-01,25,1,86.8,100.6,25.6,78.8,6893,0.483,0
M00474,6,2026-05-28,25,1,105.4,114.1,19.6,75.3,7574,0.458,0
M00475,1,2026-01-02,60,0,103.6,103.5,23.6,78.1,8810,0.499,0
M00475,2,2026-01-29,60,0,85.3,114.4,24.8,72.8,6987,0.485,0
M00475,3,2026-03-03,60,0,112.1,104.0,19.7,64.5,8422,0.43,0
M00475,4,2026-03-31,60,0,110.8,116.2,24.4,65.3,7044,0.58,1
M00475,5,2026-04-29,60,0,99.3,134.1,25.9,68.7,6632,0.625,1
M00475,6,2026-06-01,60,0,102.4,120.4,26.7,73.3,5912,0.633,1
M00476,1,2026-01-03,48,1,98.4,113.9,24.0,71.1,6796,0.524,1
M00476,2,2026-01-28,48,1,110.0,136.7,22.8,65.9,7794,0.595,1
M00476,3,2026-02-27,48,1,120.9,126.9,24.6,80.6,7326,0.681,1
M00476,4,2026-04-03,48,1,126.2,107.7,25.4,69.7,6101,0.66,1
M00476,5,2026-05-04,48,1,120.8,120.5,29.4,86.5,8395,0.755,1
M00476,6,2026-06-01,48,1,140.0,116.2,22.8,69.3,5360,0.691,1
M00477,1,2026-01-02,62,0,101.5,108.0,25.3,60.6,8343,0.513,1
M00477,2,2026-01-30,62,0,101.3,121.7,24.6,75.6,6861,0.581,1
M00477,3,2026-03-03,62,0,118.7,120.0,22.6,58.4,5530,0.588,1
M00477,4,2026-04-03,62,0,101.0,122.2,25.3,71.6,7145,0.586,1
M00477,5,2026-05-01,62,0,129.5,123.3,25.2,62.7,8313,0.678,1
M00477,6,2026-06-01,62,0,128.7,122.2,26.2,67.0,6161,0.717,1
M00478,1,2026-01-03,68,1,89.3,122.2,26.6,75.7,7989,0.564,1
M00478,2,2026-01-30,68,1,105.8,123.9,23.1,80.1,8291,0.569,1
M00478,3,2026-02-28,68,1,126.0,127.5,20.5,72.9,7844,0.602,1
M00478,4,2026-03-30,68,1,97.0,122.3,21.3,68.6,7726,0.467,0
M00478,5,2026-05-04,68,1,102.2,117.6,27.4,72.7,6581,0.631,1
M00478,6,2026-06-02,68,1,98.1,140.5,28.0,64.6,5341,0.685,1
M00479,1,2025-12-30,54,1,132.4,124.9,26.2,59.7,6007,0.727,1
M00479,2,2026-02-03,54,1,111.4,101.4,25.6,83.5,7095,0.601,1
M00479,3,2026-02-27,54,1,99.4,133.8,26.9,82.5,7612,0.661,1
M00479,4,2026-04-02,54,1,122.0,118.3,24.5,61.1,5637,0.642,1
M00479,5,2026-05-03,54,1,137.6,137.6,22.2,64.0,7219,0.701,1
M00479,6,2026-05-29,54,1,96.9,121.7,24.1,65.8,6361,0.537,1
M00480,1,2025-12-30,35,0,123.7,123.2,23.0,70.0,7207,0.634,1
M00480,2,2026-02-03,35,0,91.2,106.3,27.7,89.2,5494,0.6,1
M00480,3,2026-03-01,35,0,111.6,103.2,25.4,85.4,6213,0.616,1
M00480,4,2026-03-30,35,0,134.1,111.4,28.4,77.0,7270,0.757,1
M00480,5,2026-04-30,35,0,104.8,140.1,27.2,76.0,6405,0.704,1
M00480,6,2026-05-29,35,0,123.8,134.1,22.8,80.7,5491,0.694,1
M00481,1,2026-01-04,40,0,87.5,107.6,22.3,72.1,8674,0.402,0
M00481,2,2026-01-31,40,0,114.4,118.3,27.0,58.5,8722,0.628,1
M00481,3,2026-03-03,40,0,95.1,93.9,26.6,67.4,8485,0.484,0
M00481,4,2026-03-30,40,0,99.4,126.4,25.2,60.9,7964,0.56,1
M00481,5,2026-05-02,40,0,110.7,118.3,23.1,73.0,7575,0.569,1
M00481,6,2026-06-01,40,0,111.3,117.0,23.4,57.4,6938,0.549,1
M00482,1,2025-12-31,66,1,88.0,116.6,27.3,68.3,5027,0.571,1
M00482,2,2026-02-01,66,1,104.0,120.9,23.1,76.9,7894,0.551,1
M00482,3,2026-02-28,66,1,113.8,115.3,28.5,79.7,7385,0.698,1
M00482,4,2026-03-30,66,1,126.6,136.5,28.4,69.1,5099,0.789,1
M00482,5,2026-05-03,66,1,131.8,130.9,26.8,63.0,5760,0.755,1
M00482,6,2026-05-31,66,1,115.2,137.8,30.2,59.1,5234,0.771,1
M00483,1,2026-01-02,40,1,89.0,114.3,24.6,66.7,7391,0.482,0
M00483,2,2026-01-28,40,1,119.5,98.9,22.5,76.9,7997,0.54,1
M00483,3,2026-03-01,40,1,103.9,107.7,24.2,71.9,8003,0.524,1
M00483,4,2026-04-03,40,1,95.8,111.5,25.4,78.5,6717,0.551,1
M00483,5,2026-04-28,40,1,109.3,104.4,27.6,72.7,7523,0.619,1
M00483,6,2026-06-02,40,1,127.9,114.8,28.9,65.2,6311,0.741,1
M00484,1,2026-01-02,35,1,86.0,107.3,24.7,53.3,8807,0.408,0
M00484,2,2026-02-03,35,1,88.5,105.4,19.2,71.4,7850,0.342,0
M00484,3,2026-03-02,35,1,85.2,116.1,21.7,89.1,6905,0.454,0
M00484,4,2026-03-29,35,1,97.4,106.8,25.8,77.6,8546,0.535,1
M00484,5,2026-05-01,35,1,113.2,119.2,21.1,81.0,9128,0.539,1
M00484,6,2026-05-31,35,1,115.6,126.3,23.8,67.9,6719,0.626,1
M00485,1,2025-12-30,69,1,107.2,110.1,22.8,70.4,9073,0.5,1
M00485,2,2026-01-28,69,1,114.8,113.8,25.1,53.1,8238,0.572,1
M00485,3,2026-03-03,69,1,127.0,118.4,18.1,70.3,9000,0.51,1
M00485,4,2026-04-01,69,1,105.1,119.2,22.9,60.3,8760,0.504,1
M00485,5,2026-04-29,69,1,104.1,103.6,23.3,76.9,8226,0.5,0
M00485,6,2026-05-29,69,1,127.8,117.4,24.0,76.9,7246,0.668,1
M00486,1,2026-01-04,72,0,93.3,111.2,21.2,70.9,8548,0.412,0
M00486,2,2026-02-01,72,0,78.6,108.3,24.6,63.5,7337,0.413,0
M00486,3,2026-03-04,72,0,92.0,115.7,21.9,77.8,6887,0.465,0
M00486,4,2026-03-31,72,0,96.0,102.5,26.8,59.7,7318,0.514,1
M00486,5,2026-04-28,72,0,106.9,104.2,22.8,83.7,7719,0.522,1
M00486,6,2026-05-28,72,0,98.5,149.4,24.7,79.9,5329,0.672,1
M00487,1,2025-12-30,59,1,84.8,116.0,24.0,74.3,7968,0.462,0
M00487,2,2026-01-28,59,1,127.0,122.0,25.0,73.6,7383,0.688,1
M00487,3,2026-03-03,59,1,110.4,128.9,28.5,72.3,6828,0.711,1
M00487,4,2026-04-01,59,1,117.4,115.3,25.1,89.5,6396,0.671,1
M00487,5,2026-04-28,59,1,103.2,118.6,24.5,65.7,5197,0.575,1
M00487,6,2026-05-31,59,1,127.0,131.5,27.3,74.1,5506,0.767,1
M00488,1,2025-12-31,53,0,116.4,113.8,29.4,60.0,6165,0.697,1
M00488,2,2026-01-31,53,0,109.1,121.5,25.5,68.5,6509,0.624,1
M00488,3,2026-03-05,53,0,110.4,111.5,24.5,70.9,6354,0.585,1
M00488,4,2026-04-03,53,0,122.1,112.9,26.9,64.5,6836,0.671,1
M00488,5,2026-05-01,53,0,118.4,139.9,26.1,55.6,5957,0.704,1
M00488,6,2026-05-28,53,0,120.7,132.0,24.7,71.1,4976,0.701,1
M00489,1,2025-12-29,67,1,73.0,98.2,17.0,50.7,8913,0.193,0
M00489,2,2026-01-31,67,1,96.2,105.8,18.2,61.3,8581,0.328,0
M00489,3,2026-02-28,67,1,82.7,126.7,19.8,73.1,9607,0.377,0
M00489,4,2026-04-02,67,1,103.3,90.0,19.9,45.0,10054,0.307,0
M00489,5,2026-05-02,67,1,89.4,90.0,18.9,62.1,9034,0.274,0
M00489,6,2026-05-30,67,1,113.7,112.5,22.3,49.2,8684,0.488,0
M00490,1,2026-01-04,45,1,105.3,145.1,28.7,80.5,6129,0.754,1
M00490,2,2026-01-29,45,1,86.6,123.3,27.1,70.4,6824,0.567,1
M00490,3,2026-03-03,45,1,115.4,118.3,26.1,80.9,5989,0.679,1
M00490,4,2026-04-04,45,1,122.2,142.2,31.5,82.6,5435,0.844,1
M00490,5,2026-04-30,45,1,118.9,135.2,24.3,71.0,3471,0.706,1
M00490,6,2026-06-02,45,1,127.0,135.5,26.4,59.3,5701,0.737,1
M00491,1,2025-12-30,57,1,108.6,114.7,27.2,71.5,6811,0.642,1
M00491,2,2026-01-29,57,1,129.7,139.5,24.4,74.3,5268,0.748,1
M00491,3,2026-02-27,57,1,109.3,127.1,26.9,54.9,6260,0.647,1
M00491,4,2026-03-29,57,1,111.1,135.6,27.9,81.0,6787,0.734,1
M00491,5,2026-05-02,57,1,109.6,124.4,26.8,59.6,5948,0.65,1
M00491,6,2026-06-02,57,1,106.0,129.8,24.7,81.9,4868,0.658,1
M00492,1,2026-01-02,61,0,101.1,118.5,23.6,73.5,8552,0.528,1
M00492,2,2026-02-03,61,0,102.6,123.8,22.5,80.6,7989,0.545,1
M00492,3,2026-03-03,61,0,85.6,108.8,20.4,62.0,8847,0.338,0
M00492,4,2026-04-03,61,0,85.5,96.2,26.8,82.9,8089,0.486,0
M00492,5,2026-04-28,61,0,111.7,126.7,24.3,58.1,7017,0.599,1
M00492,6,2026-05-28,61,0,94.5,105.6,26.8,74.1,7205,0.546,1
M00493,1,2025-12-30,73,0,95.8,137.4,22.9,68.7,6770,0.552,1
M00493,2,2026-01-30,73,0,113.5,119.0,28.3,76.8,7197,0.699,1
M00493,3,2026-03-01,73,0,103.2,114.7,24.5,58.8,7760,0.526,1
M00493,4,2026-04-02,73,0,128.7,120.7,27.3,84.4,7316,0.751,1
M00493,5,2026-05-01,73,0,123.4,128.1,26.9,52.3,5859,0.704,1
M00493,6,2026-05-30,73,0,123.2,119.9,25.1,72.4,4940,0.689,1
M00494,1,2025-12-29,54,1,99.6,96.0,27.2,81.0,6129,0.573,1
M00494,2,2026-01-28,54,1,94.4,112.1,23.1,66.6,6687,0.472,0
M00494,3,2026-02-28,54,1,107.4,114.0,21.8,75.8,5156,0.541,1
M00494,4,2026-03-30,54,1,93.0,120.8,23.6,69.4,5653,0.52,1
M00494,5,2026-04-30,54,1,105.5,109.0,26.1,52.0,7290,0.545,1
M00494,6,2026-05-30,54,1,124.5,109.5,22.9,60.5,6824,0.582,1
M00495,1,2026-01-01,62,0,136.1,114.0,28.1,86.6,6297,0.783,1
M00495,2,2026-02-01,62,0,118.7,133.4,28.3,73.3,5752,0.758,1
M00495,3,2026-03-04,62,0,125.5,131.4,26.1,69.5,5543,0.735,1
M00495,4,2026-04-03,62,0,111.1,146.1,33.4,74.7,5892,0.834,1
M00495,5,2026-05-02,62,0,145.0,141.3,25.2,94.1,6451,0.828,1
M00495,6,2026-05-31,62,0,118.1,143.5,30.9,63.4,6089,0.801,1
M00496,1,2026-01-01,49,1,80.4,112.5,24.3,66.5,8167,0.422,0
M00496,2,2026-02-02,49,1,104.7,119.7,24.8,61.0,7545,0.56,1
M00496,3,2026-02-27,49,1,105.8,103.9,27.1,79.7,7763,0.602,1
M00496,4,2026-04-04,49,1,98.2,113.1,23.5,61.6,5623,0.502,1
M00496,5,2026-05-03,49,1,92.9,101.2,21.8,67.5,6459,0.409,0
M00496,6,2026-05-29,49,1,134.7,130.9,23.8,74.8,7844,0.715,1
M00497,1,2025-12-29,32,1,98.0,105.3,22.1,78.7,7082,0.467,0
M00497,2,2026-02-02,32,1,110.7,114.7,25.2,65.7,7788,0.586,1
M00497,3,2026-03-01,32,1,119.8,121.8,24.3,80.2,8320,0.648,1
M00497,4,2026-04-04,32,1,101.4,132.0,26.5,75.2,6127,0.657,1
M00497,5,2026-04-28,32,1,116.8,119.1,23.4,56.2,7522,0.571,1
M00497,6,2026-05-29,32,1,113.2,112.6,22.9,56.5,7595,0.525,1
M00498,1,2025-12-31,38,0,91.6,133.1,25.5,69.5,6973,0.579,1
M00498,2,2026-01-28,38,0,90.1,119.6,23.5,80.4,6395,0.515,1
M00498,3,2026-03-04,38,0,98.0,106.3,20.8,63.3,7089,0.409,0
M00498,4,2026-03-30,38,0,120.2,112.9,28.2,52.5,8193,0.657,1
M00498,5,2026-05-03,38,0,104.0,106.3,22.7,72.5,6839,0.5,0
M00498,6,2026-05-28,38,0,91.6,144.2,23.8,83.3,5814,0.612,1
M00499,1,2026-01-04,60,0,111.1,121.5,28.5,62.9,7312,0.676,1
M00499,2,2026-02-03,60,0,119.7,132.7,23.1,76.0,5541,0.672,1
M00499,3,2026-03-01,60,0,137.9,109.5,21.1,74.5,9212,0.605,1
M00499,4,2026-03-31,60,0,139.7,127.1,28.7,79.0,5441,0.823,1
M00499,5,2026-04-29,60,0,115.5,143.3,30.1,67.1,4997,0.794,1
M00499,6,2026-05-29,60,0,140.4,123.2,27.7,79.5,4323,0.812,1
M00500,1,2026-01-04,64,1,85.6,121.7,23.4,62.3,6781,0.458,0
M00500,2,2026-01-29,64,1,89.5,107.6,22.2,68.4,5696,0.431,0
M00500,3,2026-02-27,64,1,97.8,123.7,22.9,67.5,9018,0.497,0
M00500,4,2026-03-29,64,1,107.9,107.2,24.8,68.5,6412,0.564,1
M00500,5,2026-05-04,64,1,84.7,110.1,23.1,73.9,6986,0.434,0
M00500,6,2026-05-28,64,1,116.6,118.0,26.2,64.3,6543,0.651,1
